"last_name, first_name","player_id","team_name_alt","pitch_type","pitch_name","run_value_per_100","run_value","pitches","pitch_usage","pa","ba","slg","woba","whiff_percent","k_percent","put_away","est_ba","est_slg","est_woba","hard_hit_percent"
"Gausman, Kevin",592332,"TOR","FF","4-Seam Fastball",2.1,7,"332",53.2,"98","0.22","0.363","0.282",20,21.4,21.6,"0.248","0.473","0.332",44.3
"Pérez, Eury",691587,"MIA","FF","4-Seam Fastball",-0.8,-2,"283",53.8,"87","0.27","0.486","0.388",24.6,25.3,23.2,"0.24","0.433","0.347",51.9
"Bradley, Taj",671737,"MIN","FF","4-Seam Fastball",0.7,2,"323",45.6,"87","0.267","0.48","0.358",11.8,13.8,15.4,"0.284","0.536","0.389",49.2
"Sánchez, Cristopher",650911,"PHI","SI","Sinker",-1,-3,"298",45.9,"87","0.358","0.543","0.42",13.3,14.9,19.4,"0.288","0.504","0.361",61.8
"Abbott, Andrew",671096,"CIN","FF","4-Seam Fastball",-0.3,-1,"286",47.3,"86","0.307","0.453","0.404",8.5,9.3,10.4,"0.344","0.508","0.413",49.3
"Singer, Brady",663903,"CIN","SI","Sinker",-2.1,-5,"247",48.7,"84","0.346","0.59","0.423",12.6,11.9,13.2,"0.326","0.547","0.395",49.3
"Valdez, Framber",664285,"DET","SI","Sinker",0,0,"294",46.4,"82","0.288","0.384","0.343",9.9,9.8,14.3,"0.291","0.487","0.374",60
"Misiorowski, Jacob",694819,"MIL","FF","4-Seam Fastball",-0.2,-1,"339",61.3,"81","0.25","0.397","0.346",46.3,43.2,34,"0.21","0.329","0.306",42.4
"Webb, Logan",657277,"SF","SI","Sinker",2.2,5,"255",38.1,"79","0.232","0.333","0.303",13.4,10.1,17.4,"0.277","0.415","0.348",62.3
"Nelson, Ryne",669194,"AZ","FF","4-Seam Fastball",-1.6,-5,"289",62.3,"78","0.275","0.565","0.416",22.1,14.1,12.9,"0.283","0.55","0.392",48.3
"Eovaldi, Nathan",543135,"TEX","FS","Split-Finger",3.2,8,"241",38.4,"73","0.164","0.239","0.218",33.3,27.4,25,"0.244","0.364","0.298",59.6
"Houser, Adrian",605288,"SF","SI","Sinker",-2.2,-4,"206",41.5,"73","0.323","0.565","0.429",6.7,4.1,8.1,"0.334","0.535","0.413",51.7
"Peralta, Freddy",642547,"NYM","FF","4-Seam Fastball",1.2,4,"340",52.2,"73","0.203","0.281","0.284",24.2,20.5,17.6,"0.249","0.388","0.326",49
"Burns, Chase",695505,"CIN","FF","4-Seam Fastball",0.4,1,"299",55.6,"73","0.23","0.393","0.342",22.5,17.8,16.7,"0.248","0.434","0.358",45.8
"Ray, Robbie",592662,"SF","FF","4-Seam Fastball",1.9,5,"280",48.4,"72","0.172","0.313","0.264",20.7,23.6,18.3,"0.204","0.42","0.312",38.3
"Sánchez, Cristopher",650911,"PHI","CH","Changeup",1.4,3,"229",35.3,"71","0.19","0.206","0.239",48.4,43.7,31.3,"0.142","0.174","0.193",15.2
"Holmes, Clay",605280,"NYM","SI","Sinker",2.6,7,"260",49,"70","0.161","0.323","0.26",8.5,5.7,11.1,"0.283","0.423","0.348",39.7
"Ragans, Cole",666142,"KC","FF","4-Seam Fastball",0.6,2,"260",53.6,"69","0.167","0.389","0.322",30.6,31.9,26.2,"0.203","0.432","0.352",48.5
"Elder, Bryce",693821,"ATL","SL","Slider",1.9,4,"195",32.1,"67","0.183","0.283","0.253",32.1,29.9,31.7,"0.177","0.279","0.247",37.5
"Ryan, Joe",657746,"MIN","FF","4-Seam Fastball",-0.2,-1,"272",43.3,"67","0.29","0.5","0.377",24.5,19.4,14,"0.252","0.403","0.311",42.9
"Springs, Jeffrey",605488,"ATH","FF","4-Seam Fastball",0.5,1,"264",43.1,"67","0.207","0.345","0.288",17.7,20.9,15.6,"0.199","0.333","0.286",33.3
"Bello, Brayan",678394,"BOS","SI","Sinker",-2.5,-5,"221",43.8,"66","0.423","0.558","0.476",15.6,6.1,10.3,"0.354","0.563","0.448",46.9
"Chandler, Bubba",696149,"PIT","FF","4-Seam Fastball",-1.5,-4,"281",55.4,"65","0.204","0.429","0.386",21.5,16.9,12.9,"0.246","0.485","0.406",47.4
"Mattson, Isaac",676755,"PIT","FF","4-Seam Fastball",2.1,5,"241",82.3,"64","0.185","0.185","0.239",17.8,15.6,12.5,"0.286","0.466","0.369",46.7
"Kirby, George",669923,"SEA","FF","4-Seam Fastball",2,4,"221",34.4,"63","0.186","0.305","0.242",22.4,17.5,16.4,"0.231","0.369","0.286",45.8
"Flaherty, Jack",656427,"DET","FF","4-Seam Fastball",-0.4,-1,"227",45.2,"63","0.224","0.327","0.346",17,30.2,26.4,"0.222","0.365","0.352",56.7
"Kochanowicz, Jack",686799,"LAA","SI","Sinker",2.4,5,"209",38,"62","0.185","0.241","0.266",13.7,6.5,10,"0.273","0.439","0.359",48
"Cantillo, Joey",676282,"CLE","FF","4-Seam Fastball",0.1,0,"237",45.5,"61","0.231","0.423","0.34",14.6,14.8,17.3,"0.232","0.471","0.357",48.8
"Woo, Bryan",693433,"SEA","FF","4-Seam Fastball",1.5,4,"243",50.3,"61","0.228","0.351","0.267",25.8,19.7,17.9,"0.233","0.422","0.297",47.8
"Lauer, Eric",641778,"TOR","FF","4-Seam Fastball",-1.7,-4,"212",46,"61","0.25","0.654","0.409",18.4,24.6,22.1,"0.239","0.527","0.368",42.1
"Bubic, Kris",663460,"KC","FF","4-Seam Fastball",-1.9,-4,"228",42.5,"61","0.28","0.52","0.403",30.6,23,20.3,"0.269","0.542","0.406",38.9
"Woods Richardson, Simeon",680573,"MIN","FF","4-Seam Fastball",0.4,1,"213",42.3,"61","0.304","0.482","0.362",14.2,8.2,13.2,"0.235","0.416","0.305",40.4
"Skubal, Tarik",669373,"DET","FF","4-Seam Fastball",0.7,2,"245",39.1,"60","0.281","0.456","0.323",21.1,23.3,20.6,"0.298","0.452","0.331",36.4
"deGrom, Jacob",594798,"TEX","FF","4-Seam Fastball",1.6,4,"248",47.7,"60","0.232","0.393","0.296",25.2,23.3,23.7,"0.267","0.536","0.361",52.4
"López, Reynaldo",625643,"ATL","FF","4-Seam Fastball",2,4,"214",52.6,"60","0.204","0.407","0.317",11.4,20,22.6,"0.243","0.436","0.33",35.7
"Wrobleski, Justin",680736,"LAD","FF","4-Seam Fastball",3.1,7,"226",52.1,"60","0.196","0.214","0.218",12.5,15,14.3,"0.247","0.349","0.286",36.2
"Fedde, Erick",607200,"CWS","ST","Sweeper",3.2,6,"199",38.3,"59","0.115","0.192","0.175",23.4,22,17.6,"0.157","0.282","0.231",31.7
"Gausman, Kevin",592332,"TOR","FS","Split-Finger",1.1,3,"255",40.9,"59","0.158","0.263","0.204",40.5,32.2,19.4,"0.214","0.278","0.221",30.8
"Cease, Dylan",656302,"TOR","FF","4-Seam Fastball",0.2,1,"222",36.9,"59","0.261","0.283","0.334",30.2,35.6,25.3,"0.237","0.306","0.339",52
"Gore, MacKenzie",669022,"TEX","FF","4-Seam Fastball",0.1,0,"236",42.9,"59","0.271","0.438","0.366",27.6,30.5,25.7,"0.267","0.431","0.363",48.4
"Alcantara, Sandy",645261,"MIA","SI","Sinker",1.8,3,"149",22.2,"59","0.275","0.314","0.32",10.5,6.8,13.8,"0.284","0.376","0.342",38.3
"Schlittler, Cam",693645,"NYY","FF","4-Seam Fastball",2.7,7,"259",43.4,"59","0.175","0.246","0.2",37.5,39,26.1,"0.192","0.32","0.235",52.9
"Ober, Bailey",641927,"MIN","CH","Changeup",-0.2,-1,"211",34.9,"58","0.173","0.327","0.278",23.3,13.8,10.8,"0.239","0.376","0.309",22.7
"Dollander, Chase",801403,"COL","FF","4-Seam Fastball",3.5,7,"200",37.8,"58","0.12","0.2","0.206",30,34.5,24.4,"0.128","0.293","0.241",51.6
"Bassitt, Chris",605135,"BAL","SI","Sinker",-1.8,-4,"200",37.5,"57","0.388","0.551","0.437",14,10.5,13.6,"0.304","0.451","0.372",45.5
"Burns, Chase",695505,"CIN","SL","Slider",2.7,5,"200",37.2,"57","0.14","0.281","0.191",48.6,43.9,35.7,"0.156","0.298","0.192",37.5
"Liberatore, Matthew",669461,"STL","FF","4-Seam Fastball",0.2,0,"177",35.6,"56","0.28","0.48","0.353",7.5,8.9,12.5,"0.332","0.564","0.405",52.2
"Sale, Chris",519242,"ATL","SL","Slider",0.7,2,"229",42.3,"56","0.188","0.229","0.257",34.7,41.1,25.3,"0.168","0.234","0.248",12
"Cabrera, Edward",665795,"CHC","CH","Changeup",1.2,2,"176",32.1,"56","0.241","0.259","0.256",32.4,23.2,22,"0.265","0.366","0.287",41.5
"Burke, Sean",680732,"CWS","FF","4-Seam Fastball",1.6,3,"200",37.2,"56","0.22","0.36","0.289",19.4,23.2,15.3,"0.239","0.406","0.312",34.2
"Rocker, Kumar",677958,"TEX","SI","Sinker",-2,-3,"170",39.4,"55","0.319","0.468","0.425",15.5,5.5,14.3,"0.307","0.502","0.397",54.5
"Peterson, David",656849,"NYM","SI","Sinker",-2.5,-4,"166",33.9,"55","0.41","0.564","0.48",9.9,3.6,20,"0.42","0.579","0.514",64.1
"Woodruff, Brandon",605540,"MIL","FF","4-Seam Fastball",1.5,3,"176",42.4,"55","0.146","0.313","0.26",24.5,30.9,23.9,"0.173","0.345","0.267",28.1
"Ohtani, Shohei",660271,"LAD","FF","4-Seam Fastball",3.6,8,"212",44.8,"55","0.137","0.176","0.195",26.9,27.3,25.9,"0.194","0.29","0.244",47.2
"Webb, Logan",657277,"SF","CH","Changeup",0.1,0,"158",23.6,"55","0.25","0.308","0.275",30.2,30.9,22.4,"0.255","0.347","0.284",34.3
"Rodriguez, Eduardo",593958,"AZ","CH","Changeup",1.8,3,"175",31.7,"54","0.216","0.255","0.235",17.7,9.3,11.1,"0.265","0.365","0.296",28.3
"Baz, Shane",669358,"BAL","CU","Curveball",-2,-4,"183",32.1,"54","0.36","0.5","0.371",26.9,24.1,17.8,"0.284","0.388","0.305",46.2
"Mahle, Tyler",641816,"SF","FF","4-Seam Fastball",-2.1,-5,"252",47.8,"54","0.326","0.674","0.477",19.2,27.8,27.3,"0.298","0.575","0.437",46.4
"Matz, Steven",571927,"TB","SI","Sinker",-1.5,-4,"241",47.1,"54","0.283","0.587","0.415",18.1,16.7,14.3,"0.3","0.558","0.413",45.9
"Harrison, Kyle",690986,"MIL","FF","4-Seam Fastball",1.6,4,"252",59.2,"54","0.196","0.304","0.287",32.1,35.2,20,"0.217","0.348","0.31",33.3
"Cecconi, Slade",677944,"CLE","FF","4-Seam Fastball",1.1,2,"195",36.5,"54","0.245","0.469","0.326",22.9,22.2,23.5,"0.298","0.613","0.401",55.3
"Sale, Chris",519242,"ATL","FF","4-Seam Fastball",0.9,2,"208",38.4,"54","0.2","0.44","0.3",20.2,27.8,22.4,"0.238","0.464","0.326",48.6
"Rogers, Trevor",669432,"BAL","FF","4-Seam Fastball",-0.3,-1,"228",42.5,"53","0.298","0.447","0.381",21.6,15.1,11.3,"0.25","0.46","0.346",35.9
"Roupp, Landen",694738,"SF","SI","Sinker",3.2,7,"224",39.2,"53","0.114","0.159","0.221",13.2,18.9,30.3,"0.226","0.279","0.302",32.4
"Holmes, Grant",656550,"ATL","FF","4-Seam Fastball",2.2,4,"183",37.4,"53","0.174","0.37","0.277",16.3,7.5,13.3,"0.267","0.518","0.374",51.2
"Cavalli, Cade",676917,"WSH","FF","4-Seam Fastball",-2.5,-5,"201",35,"53","0.4","0.578","0.452",19.8,20.8,18.6,"0.28","0.437","0.356",34.3
"Castillo, Luis",622491,"SEA","FF","4-Seam Fastball",-0.7,-2,"228",40.7,"53","0.289","0.556","0.402",25.4,24.5,14.8,"0.275","0.512","0.384",51.5
"Warren, Will",701542,"NYY","FF","4-Seam Fastball",0.5,1,"222",42.5,"53","0.208","0.438","0.311",24.3,35.8,24.4,"0.191","0.388","0.287",48.3
"Vásquez, Randy",681190,"SD","FF","4-Seam Fastball",3.3,5,"169",31.2,"53","0.128","0.149","0.175",20.7,26.4,18.9,"0.213","0.337","0.291",44.1
"Suarez, Ranger",624133,"BOS","SI","Sinker",2.2,3,"148",29.4,"53","0.213","0.234","0.256",11.1,17,27.3,"0.294","0.371","0.334",36.8
"Sasaki, Roki",808963,"LAD","FF","4-Seam Fastball",-4.2,-8,"182",41.5,"52","0.395","0.767","0.528",17.3,7.7,10.5,"0.374","0.714","0.502",61.5
"Imanaga, Shota",684007,"CHC","FF","4-Seam Fastball",0.9,2,"239",42.8,"52","0.188","0.396","0.279",16.8,25,17.6,"0.276","0.522","0.365",62.9
"Rea, Colin",607067,"CHC","FF","4-Seam Fastball",0.5,1,"177",39.4,"52","0.304","0.435","0.344",12.1,11.5,10.9,"0.295","0.505","0.362",50
"Svanson, Matt",694335,"STL","SI","Sinker",-2.3,-4,"162",51.1,"51","0.357","0.548","0.445",15.3,15.7,22.9,"0.338","0.501","0.421",58.8
"Martinez, Nick",607259,"TB","SI","Sinker",3.4,6,"166",32.1,"51","0.213","0.234","0.225",4.1,19.6,23.3,"0.269","0.392","0.305",39.5
"Detmers, Reid",672282,"LAA","FF","4-Seam Fastball",-1.2,-3,"247",43.1,"51","0.311","0.556","0.406",19.1,15.7,10.8,"0.274","0.398","0.337",56.8
"Glasnow, Tyler",607192,"LAD","CU","Curveball",0.7,1,"174",30,"51","0.083","0.188","0.147",50,56.9,32.6,"0.081","0.133","0.127",42.1
"Imanaga, Shota",684007,"CHC","FS","Split-Finger",1.4,3,"183",32.8,"51","0.167","0.313","0.249",43,33.3,23.6,"0.169","0.252","0.211",22.6
"Soriano, José",667755,"LAA","SI","Sinker",2.7,5,"189",28.5,"50","0.156","0.222","0.241",27.8,12,20,"0.236","0.391","0.312",41
"Rodriguez, Eduardo",593958,"AZ","FF","4-Seam Fastball",0.9,2,"206",37.3,"50","0.167","0.357","0.314",21.8,26,20,"0.229","0.397","0.335",44.8
"Bradish, Kyle",680694,"BAL","SI","Sinker",0,0,"164",29.9,"50","0.244","0.341","0.321",11.5,26,22.4,"0.197","0.377","0.313",37.9
"Hancock, Emerson",676106,"SEA","SI","Sinker",3,4,"143",26.3,"49","0.25","0.364","0.317",11.5,8.2,13.8,"0.314","0.482","0.379",45
"Wacha, Michael",608379,"KC","FF","4-Seam Fastball",0.6,1,"153",27.3,"49","0.205","0.318","0.273",24.7,20.4,20.4,"0.263","0.54","0.375",35.3
"Williams, Gavin",668909,"CLE","FF","4-Seam Fastball",-0.1,0,"192",29.1,"49","0.158","0.342","0.319",28.4,24.5,20.3,"0.231","0.479","0.389",54.2
"McLean, Nolan",690997,"NYM","SI","Sinker",3.2,6,"189",33.6,"49","0.152","0.239","0.2",18.9,28.6,35.9,"0.189","0.283","0.232",34.4
"Rasmussen, Drew",656876,"TB","FC","Cutter",2.8,5,"174",35.4,"49","0.111","0.2","0.201",22.9,22.4,18.3,"0.181","0.257","0.217",20
"Matz, Steven",571927,"TB","CH","Changeup",1.5,2,"162",31.6,"49","0.133","0.244","0.19",30.8,26.5,19.4,"0.219","0.343","0.264",24.2
"Alcantara, Sandy",645261,"MIA","FF","4-Seam Fastball",0.3,0,"150",22.4,"49","0.267","0.378","0.333",17.7,14.3,20.6,"0.239","0.382","0.302",39.5
"Soroka, Michael",647336,"AZ","FF","4-Seam Fastball",-1,-2,"204",37.3,"49","0.326","0.465","0.387",15.6,28.6,20.9,"0.271","0.459","0.359",51.7
"Lowder, Rhett",695076,"CIN","SI","Sinker",3.5,6,"166",30.7,"48","0.2","0.244","0.251",8.1,14.6,24.1,"0.32","0.512","0.378",47.4
"Manaea, Sean",640455,"NYM","FF","4-Seam Fastball",-0.6,-1,"176",41.9,"48","0.279","0.512","0.373",18.2,27.1,18.8,"0.295","0.537","0.389",50
"Skubal, Tarik",669373,"DET","CH","Changeup",2.6,4,"161",25.7,"48","0.149","0.234","0.194",49.5,39.6,26.8,"0.188","0.234","0.194",25
"Mahle, Tyler",641816,"SF","FS","Split-Finger",-0.1,0,"140",26.6,"48","0.244","0.356","0.273",25.8,25,19.4,"0.227","0.364","0.267",32.4
"Paddack, Chris",663978,"MIA","CH","Changeup",1.1,1,"133",26,"48","0.229","0.333","0.281",30.3,29.2,25,"0.23","0.334","0.242",50
"Márquez, Germán",608566,"SD","FF","4-Seam Fastball",-1.6,-2,"148",36.5,"48","0.293","0.512","0.395",16.2,12.5,12.5,"0.298","0.595","0.424",51.4
"Mayza, Tim",641835,"PHI","SI","Sinker",1.5,3,"191",65,"48","0.19","0.286","0.286",22.6,20.8,23.8,"0.2","0.297","0.274",43.8
"Roupp, Landen",694738,"SF","CU","Curveball",1.9,3,"167",29.2,"47","0.163","0.233","0.217",33.8,38.3,30,"0.163","0.203","0.205",12
"Cease, Dylan",656302,"TOR","SL","Slider",3,5,"171",28.4,"47","0.095","0.095","0.174",51.1,42.6,25.6,"0.193","0.221","0.229",17.4
"Alcantara, Sandy",645261,"MIA","CH","Changeup",1.2,2,"157",23.4,"47","0.178","0.289","0.24",37.3,23.4,22.4,"0.225","0.287","0.243",32.4
"Valdez, Framber",664285,"DET","CU","Curveball",0.7,1,"195",30.8,"47","0.146","0.244","0.259",35.2,31.9,16.1,"0.184","0.235","0.248",23.1
"Holmes, Grant",656550,"ATL","SL","Slider",0.5,1,"190",38.9,"46","0.175","0.325","0.276",51.6,39.1,25.7,"0.191","0.356","0.293",36.4
"Harris, Hogan",663687,"ATH","FF","4-Seam Fastball",0.9,2,"181",56.4,"46","0.171","0.314","0.324",20.9,19.6,18.8,"0.194","0.277","0.322",23.1
"Sheehan, Emmet",686218,"LAD","SL","Slider",3.8,5,"142",32.6,"46","0.143","0.238","0.195",42.9,37,37,"0.172","0.285","0.225",30.8
"Detmers, Reid",672282,"LAA","SL","Slider",1.7,3,"186",32.5,"46","0.178","0.2","0.199",32.7,32.6,19.7,"0.172","0.212","0.178",26.7
"Peralta, Freddy",642547,"NYM","CH","Changeup",2.2,3,"151",23.2,"46","0.15","0.15","0.218",29.1,23.9,20.4,"0.209","0.239","0.253",20
"Soroka, Michael",647336,"AZ","SV","Slurve",0,0,"168",30.7,"46","0.262","0.333","0.299",28.7,34.8,21.1,"0.283","0.383","0.324",46.2
"Gallen, Zac",668678,"AZ","FF","4-Seam Fastball",2.3,4,"184",38.3,"46","0.256","0.279","0.253",5,10.9,13.2,"0.329","0.491","0.362",48.7
"Elder, Bryce",693821,"ATL","SI","Sinker",1.5,2,"138",22.7,"46","0.238","0.333","0.308",17.5,26.1,37.5,"0.271","0.399","0.323",50
"Junk, Janson",676083,"MIA","FF","4-Seam Fastball",-0.5,-1,"148",30.2,"46","0.256","0.385","0.361",16.9,19.6,17.6,"0.242","0.378","0.33",40
"Bibee, Tanner",676440,"CLE","FC","Cutter",-1.4,-3,"182",29.5,"45","0.3","0.525","0.406",36.2,22.2,15.9,"0.3","0.474","0.388",56.7
"Baz, Shane",669358,"BAL","FF","4-Seam Fastball",-2.2,-4,"191",33.5,"45","0.324","0.649","0.429",23.5,20,19.6,"0.255","0.431","0.346",30
"Phillips, Connor",683175,"CIN","ST","Sweeper",1.3,2,"165",51.4,"45","0.108","0.216","0.237",36.7,26.7,22.2,"0.183","0.317","0.299",36
"Hicks, Jordan",663855,"CWS","SI","Sinker",-1.4,-2,"149",67.4,"45","0.314","0.4","0.413",6,11.1,15.2,"0.26","0.299","0.331",35.5
"Bradish, Kyle",680694,"BAL","SL","Slider",-1.2,-2,"202",36.8,"45","0.256","0.436","0.349",29.1,26.7,19.7,"0.224","0.341","0.303",29.6
"Luzardo, Jesús",666200,"PHI","ST","Sweeper",1.5,3,"209",36.7,"45","0.163","0.233","0.196",49.4,53.3,32.4,"0.165","0.242","0.2",21.1
"Skenes, Paul",694973,"PIT","FF","4-Seam Fastball",1.5,3,"192",35,"45","0.122","0.341","0.236",26.5,37.8,25.8,"0.171","0.389","0.277",37.5
"Severino, Luis",622663,"ATH","SI","Sinker",-1.3,-2,"147",22.1,"45","0.282","0.564","0.416",18.4,15.6,17.1,"0.326","0.615","0.435",54.5
"Kay, Anthony",641743,"CWS","FF","4-Seam Fastball",-2,-3,"165",31.7,"45","0.368","0.684","0.469",12.3,11.1,8.8,"0.379","0.644","0.483",50
"Nola, Aaron",605400,"PHI","CU","Curveball",2.6,4,"164",30,"45","0.159","0.273","0.216",40,40,31,"0.173","0.23","0.186",23.1
"Kikuchi, Yusei",579328,"LAA","FF","4-Seam Fastball",-2.1,-4,"187",33,"45","0.349","0.488","0.362",19.8,20,13.4,"0.283","0.414","0.304",48.6
"Stanek, Ryne",592773,"STL","FF","4-Seam Fastball",-1,-2,"163",51.4,"44","0.343","0.457","0.422",27.4,25,19,"0.253","0.394","0.362",54.2
"Fried, Max",608331,"NYY","SI","Sinker",3.9,6,"142",21.7,"44","0.19","0.238","0.195",12.7,11.4,20,"0.213","0.275","0.235",36.8
"Keller, Mitch",656605,"PIT","FF","4-Seam Fastball",3.4,6,"175",34.2,"44","0.154","0.179","0.21",17.6,9.1,9.5,"0.292","0.431","0.354",42.9
"Assad, Javier",665871,"CHC","SI","Sinker",-2.1,-3,"136",42.4,"44","0.375","0.55","0.405",8.1,9.1,15.4,"0.359","0.526","0.401",57.9
"Ray, Robbie",592662,"SF","SL","Slider",0.3,0,"187",32.4,"44","0.231","0.41","0.322",39.8,31.8,20.3,"0.245","0.512","0.362",32
"Leiter, Jack",683004,"TEX","FF","4-Seam Fastball",0.8,2,"221",40,"44","0.225","0.375","0.297",25.4,20.5,14.5,"0.254","0.469","0.343",45.2
"Pallante, Andre",669467,"STL","SL","Slider",3.2,5,"141",26.2,"44","0.122","0.244","0.211",40.6,36.4,32,"0.157","0.311","0.232",44
"Yamamoto, Yoshinobu",808967,"LAD","FS","Split-Finger",1.7,3,"173",30.3,"44","0.163","0.256","0.192",37.9,29.5,21.7,"0.214","0.275","0.223",36.7
"Rogers, Tyler",643511,"TOR","SI","Sinker",5.3,8,"145",76.7,"44","0.119","0.119","0.145",10,13.6,16.7,"0.178","0.198","0.178",16.2
"Williams, Gavin",668909,"CLE","ST","Sweeper",1.3,2,"180",27.3,"43","0.132","0.237","0.241",45.8,39.5,27.4,"0.168","0.226","0.231",30
"Weiss, Ryan",680802,"HOU","FF","4-Seam Fastball",-4.4,-7,"167",38.4,"43","0.389","0.806","0.534",13.3,14,12.5,"0.346","0.681","0.477",50
"Ginn, J.T.",669372,"ATH","SI","Sinker",3.9,6,"144",37.1,"43","0.158","0.237","0.216",21.1,23.3,29.4,"0.202","0.314","0.263",37.9
"Pagán, Emilio",641941,"CIN","FF","4-Seam Fastball",0.7,1,"130",61.3,"42","0.2","0.371","0.301",16.9,14.3,19.4,"0.243","0.476","0.353",63.3
"Smith, Cade",671922,"CLE","FF","4-Seam Fastball",-1.9,-3,"168",62.2,"42","0.325","0.575","0.418",28.6,26.2,17.2,"0.289","0.506","0.355",50
"Irvin, Jake",663623,"WSH","FF","4-Seam Fastball",1.5,2,"154",29.7,"42","0.147","0.147","0.279",25.9,31,19.7,"0.185","0.308","0.321",52.4
"Mize, Casey",663554,"DET","FS","Split-Finger",2.3,3,"139",29.4,"42","0.125","0.175","0.179",34.7,38.1,29.1,"0.148","0.194","0.174",20.8
"Springs, Jeffrey",605488,"ATH","SL","Slider",0.1,0,"152",24.8,"42","0.263","0.553","0.36",32.4,21.4,30,"0.268","0.566","0.379",43.3
"Severino, Luis",622663,"ATH","ST","Sweeper",0.3,0,"169",25.4,"42","0.2","0.229","0.275",23.5,33.3,20.3,"0.155","0.2","0.245",42.9
"Luzardo, Jesús",666200,"PHI","FF","4-Seam Fastball",-2.2,-3,"144",25.3,"42","0.316","0.5","0.385",22.7,26.2,19,"0.228","0.342","0.287",22.2
"Hancock, Emerson",676106,"SEA","FF","4-Seam Fastball",0.5,1,"184",33.8,"42","0.22","0.634","0.357",29,38.1,21.6,"0.249","0.667","0.386",60
"Ferrer, Jose A.",678606,"SEA","SI","Sinker",0.7,1,"147",61.8,"42","0.342","0.395","0.354",17.6,14.3,20.7,"0.221","0.259","0.245",30.3
"Kirby, George",669923,"SEA","ST","Sweeper",0.3,0,"148",23.1,"42","0.275","0.35","0.295",30.8,31,21.7,"0.205","0.28","0.233",22.2
"Boyd, Matthew",571510,"CHC","FF","4-Seam Fastball",-0.3,0,"184",54.8,"42","0.342","0.395","0.383",28.3,31,21.3,"0.281","0.474","0.356",76
"Mlodzinski, Carmen",669387,"PIT","FF","4-Seam Fastball",-0.2,0,"143",28.3,"42","0.265","0.324","0.348",16.7,28.6,28.6,"0.22","0.307","0.309",69.6
"King, Michael",650633,"SD","CH","Changeup",1.3,2,"152",27.4,"42","0.211","0.289","0.246",27.5,16.7,17.1,"0.235","0.333","0.277",34.4
"Kirby, George",669923,"SEA","SI","Sinker",1,1,"120",18.7,"41","0.289","0.368","0.328",5.3,17.1,20.6,"0.237","0.343","0.284",48.4
"Woo, Bryan",693433,"SEA","SI","Sinker",-2.3,-2,"110",22.8,"41","0.306","0.556","0.412",7.9,12.2,20.8,"0.284","0.507","0.373",50
"Patrick, Chad",694477,"MIL","FC","Cutter",3,5,"179",38.2,"41","0.132","0.132","0.161",29.7,17.1,19.4,"0.218","0.289","0.254",32.3
"Griffin, Foster",656492,"WSH","FC","Cutter",0.6,1,"163",30.1,"41","0.316","0.553","0.386",21.5,17.1,25,"0.291","0.565","0.378",53.1
"Messick, Parker",800048,"CLE","CH","Changeup",2.3,3,"123",22.7,"41","0.154","0.231","0.191",48.7,56.1,35.9,"0.191","0.243","0.214",25
"Schlittler, Cam",693645,"NYY","SI","Sinker",2,2,"124",20.8,"41","0.154","0.282","0.232",15.5,26.8,21.6,"0.224","0.402","0.287",35.7
"Glasnow, Tyler",607192,"LAD","FF","4-Seam Fastball",-1.1,-2,"170",29.3,"41","0.297","0.649","0.407",11.9,14.6,14,"0.312","0.57","0.389",46.9
"Montgomery, Mason",682254,"PIT","FF","4-Seam Fastball",1.6,3,"155",66.2,"41","0.2","0.257","0.273",29.8,34.1,33.3,"0.226","0.34","0.31",47.6
"Mlodzinski, Carmen",669387,"PIT","FS","Split-Finger",2.2,3,"142",28.1,"41","0.179","0.231","0.205",26.9,24.4,19.6,"0.248","0.35","0.281",37.9
"Gil, Luis",661563,"NYY","FF","4-Seam Fastball",-1.1,-2,"152",45.1,"41","0.278","0.583","0.402",9.5,4.9,4.9,"0.297","0.554","0.402",50
"Crochet, Garrett",676979,"BOS","FC","Cutter",-0.4,-1,"128",24.7,"40","0.265","0.382","0.399",19.4,20,38.1,"0.32","0.453","0.39",50
"Kinley, Tyler",641755,"ATL","SL","Slider",1.8,3,"168",70,"40","0.176","0.206","0.249",28.2,25,21.7,"0.202","0.241","0.269",16.7
"O'Brien, Riley",676617,"STL","SI","Sinker",3.5,5,"131",57.5,"40","0.256","0.256","0.243",24.2,22.5,25,"0.23","0.275","0.234",33.3
"Crochet, Garrett",676979,"BOS","FF","4-Seam Fastball",-0.8,-1,"174",33.6,"40","0.237","0.474","0.327",25.6,25,18.5,"0.239","0.434","0.304",39.3
"Brown, Ben",676962,"CHC","CU","Curveball",3.3,4,"126",35.8,"40","0.135","0.189","0.165",39.3,32.5,26.5,"0.194","0.285","0.253",40
"Weathers, Ryan",677960,"NYY","FF","4-Seam Fastball",-0.4,-1,"177",32.8,"40","0.27","0.568","0.378",21.3,25,19.2,"0.304","0.705","0.44",59.3
"Latz, Jacob",656641,"TEX","FF","4-Seam Fastball",4.4,6,"132",52,"40","0.108","0.162","0.183",14.9,17.5,17.9,"0.151","0.238","0.206",46.7
"Bachman, Sam",696147,"LAA","SL","Slider",2.5,4,"138",55.4,"40","0.167","0.278","0.241",38.2,27.5,34.4,"0.206","0.319","0.273",28
"Valdez, Framber",664285,"DET","CH","Changeup",2.3,3,"134",21.1,"40","0.231","0.282","0.238",24.7,17.5,16.7,"0.248","0.332","0.261",28.1
"Rocker, Kumar",677958,"TEX","SL","Slider",1.4,2,"161",37.3,"40","0.184","0.237","0.215",29.4,32.5,19.4,"0.187","0.235","0.208",40
"Santillan, Tony",663574,"CIN","FF","4-Seam Fastball",-0.3,0,"123",62.1,"40","0.229","0.4","0.323",24.6,27.5,28.9,"0.216","0.397","0.314",41.7
"Painter, Andrew",691725,"PHI","FF","4-Seam Fastball",-0.1,0,"166",38.2,"40","0.368","0.447","0.376",8.6,7.5,7.1,"0.296","0.453","0.341",31.4
"Wrobleski, Justin",680736,"LAD","SL","Slider",2.1,3,"145",33.4,"40","0.083","0.139","0.173",18.5,15,11.5,"0.205","0.318","0.29",43.3
"Leahy, Kyle",681517,"STL","SI","Sinker",-1.3,-1,"86",17.2,"40","0.281","0.406","0.401",6.5,10,11.8,"0.312","0.494","0.416",46.4
"Soriano, José",667755,"LAA","FF","4-Seam Fastball",0.2,0,"161",24.2,"39","0.25","0.375","0.347",18.2,25.6,22.2,"0.267","0.511","0.397",54.5
"Ober, Bailey",641927,"MIN","FF","4-Seam Fastball",-0.4,-1,"191",31.6,"39","0.273","0.485","0.379",19.2,23.1,20.5,"0.226","0.389","0.329",45.8
"Messick, Parker",800048,"CLE","FF","4-Seam Fastball",2.4,4,"168",30.9,"39","0.167","0.278","0.229",10.7,25.6,20,"0.2","0.331","0.263",30.8
"Rogers, Trevor",669432,"BAL","CH","Changeup",-1.6,-2,"135",25.2,"39","0.297","0.405","0.383",29.3,17.9,16.3,"0.287","0.386","0.313",33.3
"Burrows, Mike",681347,"HOU","CH","Changeup",0.6,1,"140",25.8,"39","0.2","0.257","0.251",38.6,28.2,24.4,"0.177","0.247","0.235",29.2
"Mize, Casey",663554,"DET","FF","4-Seam Fastball",-1.6,-3,"157",33.2,"39","0.273","0.485","0.403",24.6,25.6,22.7,"0.245","0.467","0.363",47.8
"Martinez, Nick",607259,"TB","CH","Changeup",3,4,"143",27.7,"39","0.083","0.111","0.117",34.3,23.1,15.8,"0.13","0.168","0.159",14.3
"Williamson, Brandon",682227,"CIN","FC","Cutter",-0.2,0,"137",26.4,"39","0.31","0.448","0.406",20,17.9,28,"0.266","0.469","0.397",56.5
"McGreevy, Michael",700241,"STL","FF","4-Seam Fastball",0.4,1,"137",26,"39","0.184","0.368","0.245",9.9,12.8,11.6,"0.318","0.656","0.418",39.4
"Baz, Shane",669358,"BAL","FC","Cutter",3.7,5,"123",21.6,"39","0.143","0.286","0.233",22.1,17.9,26.9,"0.2","0.304","0.267",32.1
"Bassitt, Chris",605135,"BAL","CU","Curveball",0.7,1,"134",25.1,"38","0.242","0.273","0.296",27.5,13.2,12.2,"0.302","0.366","0.326",13.8
"Soriano, José",667755,"LAA","CU","Curveball",2.3,4,"173",26.1,"38","0.167","0.25","0.195",48.8,52.6,31.7,"0.189","0.268","0.21",23.5
"Lopez, Jacob",682052,"ATH","FF","4-Seam Fastball",-1.3,-2,"156",32.8,"38","0.313","0.469","0.368",15.2,10.5,11.8,"0.182","0.266","0.244",33.3
"Ashcraft, Braxton",677952,"PIT","FF","4-Seam Fastball",0.9,2,"165",31.6,"38","0.219","0.438","0.314",18.3,15.8,17.6,"0.18","0.393","0.303",32.1
"Pivetta, Nick",601713,"SD","FF","4-Seam Fastball",1.4,2,"163",57.6,"38","0.182","0.273","0.262",23.8,34.2,21.3,"0.133","0.245","0.231",40
"Williams, Gavin",668909,"CLE","CU","Curveball",-1,-1,"128",19.4,"38","0.184","0.368","0.257",25,34.2,21.3,"0.191","0.417","0.256",45.8
"Cameron, Noah",702070,"KC","FF","4-Seam Fastball",-0.3,0,"159",31.5,"38","0.306","0.444","0.368",20,15.8,16.2,"0.315","0.596","0.402",53.3
"Civale, Aaron",650644,"ATH","FC","Cutter",1.7,3,"172",32.8,"38","0.273","0.333","0.324",25.3,13.2,11.6,"0.265","0.409","0.344",53.6
"Littell, Zack",641793,"WSH","FF","4-Seam Fastball",-5.8,-7,"114",24.1,"38","0.394","0.788","0.525",5.1,5.3,8.3,"0.325","0.647","0.448",54.8
"Meyer, Max",676974,"MIA","ST","Sweeper",0.9,1,"132",26,"38","0.206","0.265","0.258",34.8,34.2,21.7,"0.226","0.376","0.303",33.3
"Okert, Steven",595345,"HOU","SL","Slider",0.3,0,"152",67.9,"38","0.212","0.364","0.283",26.6,15.8,12.2,"0.225","0.434","0.309",13.8
"Early, Connelly",813349,"BOS","FF","4-Seam Fastball",0.9,2,"179",33.2,"38","0.206","0.353","0.287",20.5,15.8,12.8,"0.255","0.567","0.384",53.6
"Pallante, Andre",669467,"STL","SI","Sinker",-2.3,-2,"110",20.4,"37","0.281","0.406","0.377",15,10.8,12.5,"0.269","0.407","0.347",14.3
"Paddack, Chris",663978,"MIA","FF","4-Seam Fastball",-0.8,-1,"160",31.3,"37","0.364","0.455","0.389",18.2,18.9,12.1,"0.261","0.405","0.32",40.7
"Hill, Tim",657612,"NYY","SI","Sinker",6,7,"114",80.9,"37","0.086","0.086","0.111",13.3,8.1,10.7,"0.211","0.245","0.229",46.9
"Kochanowicz, Jack",686799,"LAA","CH","Changeup",-0.8,-1,"138",25.1,"37","0.219","0.281","0.332",32.9,24.3,20.5,"0.219","0.281","0.282",26.1
"Woods Richardson, Simeon",680573,"MIN","FS","Split-Finger",-5.3,-8,"143",28.4,"37","0.333","0.576","0.446",22.6,16.2,10.3,"0.282","0.487","0.368",37
"Sugano, Tomoyuki",608372,"COL","FS","Split-Finger",3.2,4,"118",23,"37","0.139","0.25","0.161",31.7,21.6,19.5,"0.241","0.393","0.279",24.1
"Pérez, Martín",527048,"ATL","SI","Sinker",0.5,1,"139",31.2,"37","0.226","0.387","0.332",5.6,8.1,8.3,"0.316","0.578","0.431",50
"Pallante, Andre",669467,"STL","FF","4-Seam Fastball",-0.8,-1,"163",30.2,"37","0.333","0.567","0.445",15.9,5.4,7.7,"0.336","0.617","0.461",57.1
"Keller, Mitch",656605,"PIT","ST","Sweeper",-0.9,-1,"101",19.7,"37","0.156","0.281","0.236",26,24.3,18,"0.183","0.265","0.246",25
"Walker, Taijuan",592836,"PHI","FS","Split-Finger",-4,-4,"98",23.1,"37","0.361","0.583","0.449",19,13.5,17.2,"0.358","0.627","0.428",45.2
"King, Michael",650633,"SD","SI","Sinker",-0.2,0,"154",27.8,"37","0.226","0.484","0.386",15.2,21.6,22.9,"0.292","0.549","0.413",52.2
"Márquez, Germán",608566,"SD","CU","Curveball",1.1,2,"164",40.4,"37","0.189","0.297","0.209",30.4,24.3,16.7,"0.212","0.315","0.226",42.9
"Mikolas, Miles",571945,"WSH","FF","4-Seam Fastball",-2.5,-3,"123",25.7,"37","0.323","0.581","0.459",20.3,18.9,20.6,"0.263","0.541","0.399",62.5
"Pomeranz, Drew",519141,"LAA","FF","4-Seam Fastball",-4.8,-6,"124",67.8,"37","0.364","0.818","0.51",21.2,13.5,20.8,"0.288","0.622","0.408",41.4
"Peralta, Freddy",642547,"NYM","CU","Curveball",-0.8,-1,"109",16.7,"37","0.235","0.471","0.33",38.2,35.1,26.5,"0.213","0.348","0.277",42.9
"Gilbert, Logan",669302,"SEA","SL","Slider",0,0,"126",19.6,"37","0.281","0.5","0.362",37.3,18.9,18.4,"0.303","0.427","0.348",61.5
"Zerpa, Angel",672582,"MIL","SI","Sinker",-0.5,-1,"147",68.1,"36","0.3","0.467","0.383",19.3,16.7,15,"0.338","0.489","0.407",52
"Ashcraft, Graham",668933,"CIN","FC","Cutter",-1.2,-2,"134",54.3,"36","0.345","0.552","0.5",20,8.3,7.7,"0.286","0.439","0.395",38.5
"Singer, Brady",663903,"CIN","SL","Slider",1.5,2,"159",31.4,"36","0.212","0.212","0.24",28.6,19.4,18.9,"0.218","0.315","0.268",42.3
"deGrom, Jacob",594798,"TEX","SL","Slider",2.3,4,"151",29,"36","0.147","0.147","0.189",37.8,44.4,19.8,"0.191","0.23","0.212",27.8
"Yamamoto, Yoshinobu",808967,"LAD","FF","4-Seam Fastball",-0.3,0,"143",25,"36","0.258","0.548","0.388",19.7,13.9,12.8,"0.334","0.667","0.462",53.8
"Warren, Will",701542,"NYY","SI","Sinker",2.2,3,"134",25.7,"36","0.235","0.235","0.239",19,25,28.1,"0.233","0.273","0.248",48
"Leiter, Jack",683004,"TEX","CH","Changeup",-1.1,-1,"116",21,"36","0.281","0.375","0.333",35.6,22.2,17.8,"0.257","0.481","0.357",45.8
"Leahy, Kyle",681517,"STL","FF","4-Seam Fastball",-2.5,-4,"152",30.3,"36","0.412","0.735","0.5",9.8,8.3,11.1,"0.357","0.582","0.419",67.7
"Martin, Davis",663436,"CWS","FF","4-Seam Fastball",-1,-1,"139",25.6,"36","0.344","0.375","0.363",25,25,19.6,"0.292","0.378","0.334",26.1
"Fedde, Erick",607200,"CWS","FC","Cutter",-0.3,0,"130",25,"36","0.303","0.606","0.41",13.3,5.6,10.5,"0.277","0.482","0.354",45.2
"Bazardo, Eduard",660825,"SEA","SI","Sinker",3,4,"137",62,"36","0.161","0.194","0.213",8.9,22.2,17.4,"0.225","0.357","0.295",50
"Weiss, Ryan",680802,"HOU","ST","Sweeper",-1,-2,"147",33.8,"36","0.207","0.414","0.347",34.8,33.3,22.2,"0.161","0.327","0.302",47.1
"Montero, Keider",672456,"DET","FF","4-Seam Fastball",0.8,1,"137",34.3,"36","0.242","0.455","0.328",14.9,11.1,10.3,"0.211","0.354","0.28",48.3
"Hurter, Brant",676428,"DET","SI","Sinker",2.7,3,"119",63.6,"36","0.094","0.188","0.194",9.6,5.6,8.3,"0.257","0.402","0.33",35.5
"Bibee, Tanner",676440,"CLE","FF","4-Seam Fastball",-1.3,-2,"159",25.8,"36","0.394","0.515","0.424",9.4,5.6,5.4,"0.331","0.5","0.386",61.3
"Littell, Zack",641793,"WSH","FS","Split-Finger",-0.3,0,"100",21.1,"36","0.171","0.343","0.281",19.1,22.2,20.5,"0.21","0.388","0.266",25.9
"Ashcraft, Braxton",677952,"PIT","CU","Curveball",1.8,2,"136",26.1,"36","0.111","0.306","0.196",48.4,58.3,38.9,"0.133","0.288","0.177",40
"Pérez, Martín",527048,"ATL","CH","Changeup",1.6,2,"136",30.6,"36","0.065","0.161","0.158",30.3,22.2,13.3,"0.2","0.279","0.269",20.8
"Fried, Max",608331,"NYY","FC","Cutter",3.5,5,"136",20.8,"36","0.161","0.161","0.222",21.7,16.7,27.3,"0.174","0.215","0.242",36
"Hoffmann, Andrew",694851,"AZ","FF","4-Seam Fastball",-1.2,-1,"118",51.5,"35","0.31","0.552","0.456",12.5,20,21.2,"0.243","0.44","0.341",56.5
"McClanahan, Shane",663556,"TB","SL","Slider",2.5,3,"111",27.3,"35","0.161","0.258","0.24",26.7,25.7,27.3,"0.22","0.422","0.322",45.5
"Crochet, Garrett",676979,"BOS","SI","Sinker",-1.7,-2,"116",22.4,"35","0.296","0.444","0.399",20.8,20,33.3,"0.262","0.462","0.388",38.1
"Mikolas, Miles",571945,"WSH","SI","Sinker",0.3,0,"105",21.9,"35","0.286","0.486","0.33",11.8,17.1,20.7,"0.229","0.382","0.262",37.9
"Sproat, Brandon",687075,"MIL","SI","Sinker",-2.2,-3,"120",26.4,"35","0.296","0.519","0.429",10.2,8.6,11.5,"0.288","0.502","0.421",41.7
"Lowder, Rhett",695076,"CIN","SL","Slider",-0.6,-1,"134",24.8,"35","0.294","0.412","0.328",36.5,28.6,23.3,"0.213","0.28","0.227",29.2
"Mejia, Juan",675848,"COL","FF","4-Seam Fastball",-1.2,-2,"137",47.7,"35","0.375","0.469","0.4",21.9,22.9,14.3,"0.336","0.53","0.397",54.2
"Cameron, Noah",702070,"KC","CH","Changeup",-0.7,-1,"101",20,"35","0.233","0.367","0.321",28.8,22.9,24.2,"0.243","0.343","0.316",40.9
"Schlittler, Cam",693645,"NYY","FC","Cutter",3.4,5,"149",25,"35","0.094","0.094","0.147",28.7,25.7,20.5,"0.167","0.204","0.194",25
"Lopez, Jacob",682052,"ATH","SL","Slider",0.3,0,"128",26.9,"35","0.167","0.267","0.26",26,25.7,21.4,"0.133","0.226","0.23",19
"Teng, Kai-Wei",678906,"HOU","ST","Sweeper",3.7,4,"112",37.5,"35","0.129","0.129","0.183",27.8,28.6,23.8,"0.234","0.327","0.294",28.6
"Taylor, Grant",691799,"CWS","FF","4-Seam Fastball",1,1,"153",55.2,"35","0.182","0.303","0.26",27.3,37.1,22.8,"0.23","0.313","0.261",60
"Weathers, Ryan",677960,"NYY","CH","Changeup",-0.9,-1,"123",22.8,"35","0.265","0.353","0.271",28.6,20,12.7,"0.263","0.35","0.266",39.3
"Sasaki, Roki",808963,"LAD","FS","Split-Finger",-0.8,-1,"154",35.1,"35","0.206","0.353","0.251",39.4,34.3,19,"0.199","0.317","0.235",22.7
"Headrick, Brent",687396,"NYY","FF","4-Seam Fastball",3.3,4,"118",47,"35","0.167","0.167","0.235",16.7,20,20,"0.197","0.283","0.278",30.4
"Bradley, Taj",671737,"MIN","FC","Cutter",1.5,2,"147",20.8,"34","0.161","0.161","0.194",32.4,26.5,23.1,"0.206","0.261","0.247",45.5
"Cecconi, Slade",677944,"CLE","FC","Cutter",0.2,0,"133",24.9,"34","0.241","0.31","0.309",16.1,11.8,13.3,"0.234","0.3","0.301",20
"Liberatore, Matthew",669461,"STL","SL","Slider",-4.2,-5,"127",25.6,"34","0.29","0.677","0.435",37.5,35.3,22.6,"0.258","0.6","0.369",45
"Castillo, Luis",622491,"SEA","SL","Slider",-1.7,-3,"164",29.3,"34","0.31","0.517","0.404",32.4,26.5,15.5,"0.243","0.343","0.318",40
"Walker, Ryan",676254,"SF","SI","Sinker",-0.3,0,"160",70.8,"34","0.323","0.419","0.357",17.2,26.5,18.8,"0.232","0.321","0.278",36.4
"Johnson, Pierce",572955,"CIN","CU","Curveball",0,0,"133",72.7,"34","0.29","0.548","0.353",23.8,20.6,18.4,"0.349","0.687","0.438",42.3
"Orze, Eric",679358,"MIN","FS","Split-Finger",-0.3,0,"130",61.6,"34","0.267","0.333","0.294",25.8,23.5,19,"0.239","0.305","0.27",34.8
"Abbott, Andrew",671096,"CIN","CH","Changeup",-1.4,-2,"124",20.5,"34","0.323","0.452","0.369",46.7,17.6,18.2,"0.23","0.31","0.274",12
"Skubal, Tarik",669373,"DET","SI","Sinker",-0.3,0,"116",18.5,"34","0.3","0.367","0.368",14.5,14.7,18.5,"0.357","0.419","0.382",56
"May, Dustin",669160,"STL","FF","4-Seam Fastball",-0.5,-1,"136",27.3,"34","0.323","0.516","0.39",13.2,14.7,11.1,"0.256","0.441","0.332",57.7
"Peterson, David",656849,"NYM","SL","Slider",5.1,5,"91",18.6,"34","0.125","0.125","0.106",40,38.2,29.5,"0.156","0.182","0.179",38.1
"Glasnow, Tyler",607192,"LAD","SI","Sinker",3.8,6,"146",25.2,"34","0.071","0.071","0.203",24.1,17.6,25,"0.182","0.308","0.295",27.3
"Gore, MacKenzie",669022,"TEX","CU","Curveball",-0.3,0,"125",22.7,"34","0.194","0.387","0.273",33.3,41.2,23,"0.241","0.452","0.318",55.6
"Scherzer, Max",453286,"TOR","FF","4-Seam Fastball",0.2,0,"162",47.2,"34","0.3","0.533","0.396",12.6,11.8,10.3,"0.315","0.562","0.411",50
"Finnegan, Kyle",640448,"DET","FF","4-Seam Fastball",1.7,2,"146",57,"34","0.185","0.296","0.307",17.2,20.6,19.4,"0.158","0.224","0.276",25
"Wacha, Michael",608379,"KC","CH","Changeup",0.9,1,"137",24.4,"34","0.161","0.258","0.253",32.8,20.6,14,"0.198","0.27","0.246",25
"Muñoz, Andrés",662253,"SEA","SL","Slider",1.7,2,"128",56.9,"34","0.152","0.303","0.226",50.7,47.1,32,"0.21","0.418","0.297",47.1
"Springs, Jeffrey",605488,"ATH","CH","Changeup",0.4,1,"117",19.1,"34","0.219","0.281","0.274",46.8,32.4,25,"0.166","0.204","0.192",14.3
"Ober, Bailey",641927,"MIN","SL","Slider",3.8,4,"97",16,"34","0.235","0.265","0.222",13.7,14.7,20,"0.217","0.29","0.22",34.5
"Eovaldi, Nathan",543135,"TEX","FC","Cutter",-1.8,-3,"144",22.9,"34","0.207","0.517","0.412",35.1,17.6,13.6,"0.256","0.544","0.391",43.5
"Sabrowski, Erik",681870,"CLE","FF","4-Seam Fastball",1.6,3,"161",67.9,"34","0.148","0.296","0.272",32,38.2,26.5,"0.165","0.366","0.318",46.7
"Nola, Aaron",605400,"PHI","FF","4-Seam Fastball",-4.5,-7,"156",28.6,"34","0.4","0.867","0.549",22.6,29.4,28.6,"0.31","0.647","0.439",65
"Myers, Tobias",668964,"NYM","FF","4-Seam Fastball",1.9,2,"119",45.4,"34","0.219","0.406","0.291",13.6,20.6,20.6,"0.298","0.459","0.347",52
"Woods Richardson, Simeon",680573,"MIN","SL","Slider",-3.1,-4,"128",25.4,"34","0.31","0.483","0.421",18.8,11.8,13.3,"0.317","0.413","0.374",44
"McClanahan, Shane",663556,"TB","FF","4-Seam Fastball",0.3,0,"149",36.6,"33","0.269","0.385","0.371",17.4,15.2,15.2,"0.327","0.647","0.473",52.4
"McGreevy, Michael",700241,"STL","CH","Changeup",1.8,2,"111",21.1,"33","0.129","0.226","0.185",27.1,18.2,20.7,"0.257","0.462","0.33",28
"Junk, Janson",676083,"MIA","SL","Slider",2.5,3,"119",24.3,"33","0.194","0.29","0.267",18.2,15.2,12.8,"0.264","0.41","0.316",46.2
"Taillon, Jameson",592791,"CHC","ST","Sweeper",2,2,"86",15.6,"33","0.152","0.273","0.18",32.1,39.4,36.1,"0.132","0.207","0.146",25
"Manaea, Sean",640455,"NYM","ST","Sweeper",0,0,"147",35,"33","0.241","0.379","0.286",27.8,27.3,16.4,"0.224","0.387","0.28",22.7
"Anderson, Drew",623454,"DET","FF","4-Seam Fastball",1.1,1,"118",39.5,"33","0.2","0.36","0.339",24.2,21.2,18.4,"0.267","0.458","0.393",47.4
"Banda, Anthony",607455,"MIN","SL","Slider",-0.5,-1,"108",45.2,"33","0.226","0.355","0.276",40.8,39.4,27.7,"0.169","0.231","0.205",44.4
"Sulser, Cole",642121,"TB","FF","4-Seam Fastball",-0.5,-1,"123",42.1,"33","0.3","0.5","0.374",14.8,15.2,17.9,"0.31","0.624","0.423",52
"McCullers Jr., Lance",621121,"HOU","FC","Cutter",-0.7,-1,"147",27.5,"33","0.286","0.536","0.4",20.3,15.2,18.5,"0.272","0.466","0.372",60.9
"Rasmussen, Drew",656876,"TB","FF","4-Seam Fastball",-1.9,-3,"137",27.9,"33","0.387","0.71","0.48",21.9,27.3,20.5,"0.312","0.516","0.374",45.5
"Morán, Jovani",663558,"BOS","FF","4-Seam Fastball",2.9,3,"110",39.6,"33","0.111","0.259","0.239",20.8,15.2,26.3,"0.142","0.255","0.247",26.1
"Quintana, Jose",500779,"COL","FF","4-Seam Fastball",1,1,"100",30.5,"33","0.16","0.4","0.303",22,15.2,17.9,"0.225","0.402","0.33",36.4
"Ginkel, Kevin",656464,"AZ","SL","Slider",2.8,3,"116",52.5,"33","0.129","0.161","0.162",44.8,33.3,26.8,"0.156","0.223","0.196",30
"Senzatela, Antonio",622608,"COL","FF","4-Seam Fastball",2.1,2,"96",37.2,"33","0.207","0.241","0.259",33.3,36.4,25.5,"0.227","0.3","0.285",41.2
"Senga, Kodai",673540,"NYM","FF","4-Seam Fastball",-1.6,-2,"138",37.6,"32","0.308","0.577","0.436",21.7,34.4,33.3,"0.241","0.435","0.363",33.3
"Kochanowicz, Jack",686799,"LAA","FF","4-Seam Fastball",1.2,1,"113",20.5,"32","0.214","0.286","0.278",18,21.9,18.4,"0.27","0.373","0.329",38.1
"King, Bryan",687911,"HOU","FF","4-Seam Fastball",1.9,2,"118",57.3,"32","0.179","0.286","0.24",17.2,31.3,23.3,"0.14","0.161","0.204",22.2
"McCullers Jr., Lance",621121,"HOU","SI","Sinker",0.9,1,"140",26.2,"32","0.222","0.407","0.334",15.1,15.6,26.3,"0.223","0.308","0.303",50
"Fisher, Braydon",680755,"TOR","SL","Slider",2,2,"123",48.6,"32","0.233","0.267","0.252",29.7,12.5,12.9,"0.263","0.327","0.284",34.6
"Cabrera, Edward",665795,"CHC","SI","Sinker",0.9,1,"112",20.4,"32","0.286","0.464","0.335",3.6,3.1,6.3,"0.289","0.482","0.343",34.5
"Sheehan, Emmet",686218,"LAD","FF","4-Seam Fastball",-3.1,-5,"175",40.1,"32","0.407","0.889","0.566",26.7,15.6,16.1,"0.351","0.718","0.487",50
"Pallette, Peyton",688883,"CLE","FF","4-Seam Fastball",0,0,"136",55.7,"32","0.269","0.423","0.373",33.3,25,27.6,"0.279","0.462","0.388",50
"Castillo, Luis",622491,"SEA","SI","Sinker",-0.8,-1,"110",19.6,"32","0.387","0.419","0.398",9.8,6.3,10.5,"0.395","0.531","0.411",48.3
"Petersen, Michael",656848,"MIA","FF","4-Seam Fastball",2.4,3,"107",54.9,"32","0.179","0.286","0.263",26.3,25,24.2,"0.235","0.562","0.38",50
"Meyer, Max",676974,"MIA","SL","Slider",1.2,2,"139",27.4,"32","0.115","0.269","0.269",46.6,40.6,27.7,"0.182","0.348","0.316",38.5
"Holmes, Clay",605280,"NYM","CH","Changeup",1.6,1,"91",17.1,"32","0.219","0.25","0.208",32.1,25,15.4,"0.261","0.319","0.253",62.5
"Irvin, Jake",663623,"WSH","SI","Sinker",-0.5,-1,"118",22.7,"32","0.296","0.519","0.409",11.4,9.4,15,"0.322","0.531","0.405",52
"Alvarado, José",621237,"PHI","SI","Sinker",0.5,1,"141",65,"32","0.385","0.423","0.428",26.1,12.5,15.4,"0.279","0.353","0.345",26.1
"Chandler, Bubba",696149,"PIT","CH","Changeup",0.3,0,"95",18.7,"32","0.226","0.355","0.264",32.6,28.1,26.5,"0.246","0.391","0.286",27.3
"Phillips, Connor",683175,"CIN","FF","4-Seam Fastball",0.1,0,"152",47.4,"32","0.227","0.318","0.381",21.2,21.9,17.5,"0.259","0.389","0.409",26.7
"Lorenzen, Michael",547179,"COL","SI","Sinker",0.3,0,"97",15.8,"32","0.345","0.345","0.403",6.7,6.3,14.3,"0.343","0.405","0.361",59.3
"Lorenzen, Michael",547179,"COL","FC","Cutter",-4,-3,"83",13.5,"32","0.467","0.7","0.516",16.7,6.3,13.3,"0.351","0.483","0.383",39.3
"Lugo, Seth",607625,"KC","CU","Curveball",2.5,2,"95",17.1,"32","0.156","0.25","0.173",19.1,31.3,23.8,"0.164","0.23","0.17",22.7
"Cameron, Noah",702070,"KC","FC","Cutter",-1.1,-1,"103",20.4,"32","0.345","0.517","0.403",32,9.4,30,"0.341","0.517","0.398",30.8
"Cantillo, Joey",676282,"CLE","CH","Changeup",0.9,1,"123",23.6,"31","0.138","0.345","0.231",46.8,58.1,42.9,"0.139","0.247","0.199",36.4
"Elder, Bryce",693821,"ATL","FF","4-Seam Fastball",1.5,2,"144",23.7,"31","0.222","0.259","0.276",16.1,12.9,15.4,"0.217","0.281","0.278",30.4
"Suarez, José",660761,"ATL","CH","Changeup",-0.3,0,"100",30.5,"31","0.25","0.321","0.294",38.3,41.9,22.8,"0.187","0.252","0.239",40
"Lowder, Rhett",695076,"CIN","FF","4-Seam Fastball",0.2,0,"130",24.1,"31","0.269","0.385","0.362",10.7,6.5,5.4,"0.273","0.443","0.372",33.3
"Misiorowski, Jacob",694819,"MIL","SL","Slider",2.3,3,"128",23.1,"31","0.143","0.286","0.208",26.5,19.4,27.3,"0.197","0.257","0.223",30.4
"Ashby, Aaron",676879,"MIL","SI","Sinker",-0.4,-1,"165",50.6,"31","0.333","0.519","0.439",14.8,9.7,12,"0.309","0.498","0.386",50
"Morillo, Juan",666661,"AZ","FF","4-Seam Fastball",0.4,1,"123",53,"31","0.207","0.31","0.284",32.3,41.9,27.7,"0.17","0.299","0.232",50
"Gómez, Yoendrys",672782,"TB","FF","4-Seam Fastball",-2.3,-3,"111",37.2,"31","0.222","0.593","0.382",28.6,29,23.7,"0.304","0.705","0.458",53.3
"May, Dustin",669160,"STL","ST","Sweeper",-3.1,-3,"96",19.3,"31","0.296","0.481","0.381",27.8,25.8,21.6,"0.233","0.341","0.306",31.6
"Fried, Max",608331,"NYY","FF","4-Seam Fastball",-1.5,-2,"121",18.5,"31","0.259","0.481","0.363",24,35.5,26.8,"0.175","0.287","0.261",37.5
"Miller, Mason",695243,"SD","SL","Slider",5.7,6,"113",52.6,"31","0.065","0.065","0.058",72.9,74.2,57.5,"0.035","0.039","0.033",12.5
"Bradley, Taj",671737,"MIN","FS","Split-Finger",1.3,2,"163",23,"31","0.172","0.241","0.213",43.5,32.3,22.7,"0.196","0.246","0.225",42.1
"Ashcraft, Braxton",677952,"PIT","SL","Slider",-2.1,-2,"105",20.1,"31","0.32","0.4","0.419",37.5,29,25.7,"0.209","0.247","0.297",25
"Burrows, Mike",681347,"HOU","SL","Slider",-1.5,-1,"97",17.9,"31","0.333","0.433","0.348",35.3,25.8,32,"0.24","0.363","0.271",27.3
"Severino, Luis",622663,"ATH","FF","4-Seam Fastball",0,0,"136",20.4,"31","0.259","0.37","0.327",30.9,35.5,22,"0.173","0.275","0.257",50
"Lorenzen, Michael",547179,"COL","FF","4-Seam Fastball",-2.2,-3,"114",18.5,"31","0.321","0.714","0.458",11.5,22.6,15.2,"0.329","0.672","0.447",66.7
"Gilbert, Logan",669302,"SEA","FS","Split-Finger",-3.1,-3,"93",14.5,"31","0.25","0.393","0.345",37.8,41.9,18.3,"0.171","0.219","0.221",33.3
"Luzardo, Jesús",666200,"PHI","SI","Sinker",1.3,1,"98",17.2,"31","0.367","0.5","0.387",10,0,0,"0.34","0.421","0.345",46.7
"Senga, Kodai",673540,"NYM","FS","Split-Finger",0.3,0,"86",23.4,"31","0.148","0.222","0.229",41,35.5,23.4,"0.173","0.219","0.24",31.3
"Kikuchi, Yusei",579328,"LAA","SL","Slider",-0.2,0,"109",19.2,"31","0.333","0.519","0.439",31.7,22.6,23.3,"0.249","0.393","0.329",30
"Burrows, Mike",681347,"HOU","FF","4-Seam Fastball",-4.5,-6,"141",26,"31","0.444","1.037","0.627",13.1,16.1,13.9,"0.351","0.642","0.457",54.5
"Webb, Jacob",657097,"CHC","FF","4-Seam Fastball",-6.2,-6,"104",48.8,"30","0.348","0.609","0.513",19.1,16.7,15.2,"0.377","0.748","0.514",68.4
"Suarez, Robert",663158,"ATL","FF","4-Seam Fastball",3.7,4,"99",55.9,"30","0.143","0.143","0.197",23.6,33.3,27.8,"0.177","0.226","0.21",33.3
"Martin, Davis",663436,"CWS","SI","Sinker",2.8,2,"85",15.7,"30","0.2","0.32","0.302",6.8,6.7,20,"0.235","0.332","0.319",43.5
"Wells, Tyler",669330,"BAL","FF","4-Seam Fastball",-1.4,-1,"102",38.6,"30","0.261","0.609","0.405",24.4,13.3,14.8,"0.252","0.423","0.355",33.3
"Cavalli, Cade",676917,"WSH","SI","Sinker",-1.1,-1,"106",18.4,"30","0.37","0.444","0.423",13.5,20,37.5,"0.269","0.364","0.315",52.4
"Festa, Matt",670036,"CLE","ST","Sweeper",-3.1,-3,"97",47.8,"30","0.214","0.5","0.382",25.5,13.3,14.8,"0.184","0.402","0.276",45.8
"Fried, Max",608331,"NYY","CH","Changeup",3.3,3,"86",13.1,"30","0.143","0.179","0.178",34,26.7,21.6,"0.261","0.319","0.282",25
"Lugo, Seth",607625,"KC","FC","Cutter",-3.3,-3,"78",14.1,"30","0.4","0.64","0.488",30.2,20,18.2,"0.291","0.493","0.393",42.1
"Early, Connelly",813349,"BOS","CH","Changeup",1.2,1,"111",20.6,"30","0.241","0.276","0.245",24.6,20,15,"0.293","0.408","0.314",39.1
"Sugano, Tomoyuki",608372,"COL","FF","4-Seam Fastball",0,0,"135",26.3,"30","0.296","0.444","0.357",14.9,20,11.5,"0.276","0.458","0.351",61.9
"Pfaadt, Brandon",694297,"AZ","SI","Sinker",-2.1,-2,"93",22.1,"30","0.231","0.462","0.377",14,10,15.8,"0.273","0.565","0.4",47.8
"Blubaugh, AJ",805123,"HOU","FF","4-Seam Fastball",-1.5,-2,"139",41.6,"30","0.261","0.652","0.428",22.2,20,11.1,"0.254","0.55","0.413",50
"Lauer, Eric",641778,"TOR","CH","Changeup",0.6,1,"83",18,"30","0.222","0.259","0.262",13.2,6.7,9.1,"0.288","0.457","0.357",40
"Soriano, José",667755,"LAA","FS","Split-Finger",3.8,4,"107",16.1,"30","0.069","0.069","0.083",48.1,43.3,28.9,"0.136","0.177","0.154",6.3
"Bednar, David",670280,"NYY","FS","Split-Finger",0.8,1,"82",32.2,"30","0.172","0.172","0.263",30.8,33.3,22.2,"0.182","0.202","0.186",42.1
"Cruz, Fernando",518585,"NYY","FS","Split-Finger",-1.8,-2,"122",57.5,"30","0.167","0.292","0.297",57.9,53.3,29.1,"0.15","0.258","0.279",25
"Bruihl, Justin",677865,"STL","ST","Sweeper",-1.1,-1,"107",35.7,"30","0.261","0.304","0.308",14.6,10,7.9,"0.294","0.394","0.369",31.8
"Lorenzen, Michael",547179,"COL","CH","Changeup",-1.8,-2,"121",19.7,"30","0.296","0.481","0.37",38.2,20,12.8,"0.273","0.442","0.346",38.1
"Bruihl, Justin",677865,"STL","SI","Sinker",1.7,2,"128",42.7,"29","0.182","0.227","0.305",15.6,3.4,5,"0.273","0.372","0.381",52.4
"Blubaugh, AJ",805123,"HOU","CH","Changeup",1.7,2,"90",26.9,"29","0.167","0.208","0.216",29.3,17.2,16.1,"0.174","0.254","0.235",28.6
"Corbin, Patrick",571578,"TOR","SI","Sinker",1.2,1,"106",33.9,"29","0.28","0.32","0.326",4.2,6.9,7.1,"0.293","0.431","0.365",43.5
"Martinez, Nick",607259,"TB","FC","Cutter",3.1,3,"92",17.8,"29","0.222","0.407","0.297",18.5,10.3,25,"0.306","0.485","0.365",29.2
"Morejon, Adrian",670970,"SD","SI","Sinker",0,0,"134",48.2,"29","0.269","0.308","0.333",21,3.4,4.3,"0.336","0.401","0.359",28
"Abel, Mick",690953,"MIN","FF","4-Seam Fastball",-0.4,-1,"153",42.9,"29","0.391","0.522","0.46",33.8,24.1,15.9,"0.337","0.652","0.478",50
"Severino, Luis",622663,"ATH","FC","Cutter",-1.3,-2,"142",21.3,"29","0.333","0.524","0.46",18.2,3.4,6.3,"0.298","0.492","0.437",20
"Leasure, Jordan",673929,"CWS","SL","Slider",-2.3,-3,"112",45.3,"29","0.308","0.692","0.447",37,27.6,25,"0.342","0.722","0.474",38.9
"Civale, Aaron",650644,"ATH","CU","Curveball",2.3,3,"116",22.1,"29","0.148","0.222","0.197",31.3,27.6,18.2,"0.168","0.232","0.208",36.8
"Flaherty, Jack",656427,"DET","SL","Slider",-2.2,-3,"123",24.5,"29","0.286","0.714","0.486",26,13.8,13.3,"0.21","0.458","0.385",50
"Bender, Anthony",669622,"MIA","ST","Sweeper",1.2,1,"97",44.7,"29","0.2","0.24","0.24",26.8,41.4,31.6,"0.154","0.201","0.205",28.6
"Fuentes, Didier",800311,"ATL","FF","4-Seam Fastball",-0.6,-1,"96",63.2,"29","0.308","0.462","0.347",22.4,31,29,"0.259","0.497","0.344",50
"Brubaker, JT",664141,"SF","SI","Sinker",0.6,1,"116",48.7,"29","0.25","0.333","0.331",14.6,13.8,19,"0.324","0.485","0.408",35
"Gallen, Zac",668678,"AZ","SL","Slider",0.8,1,"119",24.8,"29","0.308","0.346","0.32",33.9,20.7,16.2,"0.236","0.352","0.283",38.1
"Patrick, Chad",694477,"MIL","FF","4-Seam Fastball",-0.9,-1,"118",25.2,"29","0.269","0.538","0.376",13.2,3.4,2.8,"0.281","0.48","0.363",52
"Suarez, Ranger",624133,"BOS","FC","Cutter",2.4,2,"103",20.4,"29","0.185","0.407","0.286",16.7,13.8,18.2,"0.232","0.475","0.321",41.7
"May, Dustin",669160,"STL","SI","Sinker",-1.5,-1,"98",19.7,"29","0.393","0.536","0.429",13.2,10.3,15,"0.319","0.396","0.325",56
"Topa, Justin",623437,"MIN","SI","Sinker",-1.1,-1,"108",48.4,"29","0.346","0.346","0.411",8.3,10.3,13.6,"0.307","0.365","0.339",39.1
"Vodnik, Victor",680767,"COL","FF","4-Seam Fastball",-1.8,-2,"112",48.3,"29","0.375","0.458","0.424",30.2,20.7,23.1,"0.285","0.505","0.398",50
"Cabrera, Edward",665795,"CHC","CU","Curveball",0.5,1,"119",21.7,"28","0.182","0.364","0.305",32.5,39.3,25.6,"0.149","0.257","0.283",50
"Nola, Aaron",605400,"PHI","SI","Sinker",-1.9,-2,"108",19.8,"28","0.375","0.667","0.455",13.6,14.3,13.3,"0.388","0.778","0.5",38.1
"Kikuchi, Yusei",579328,"LAA","FC","Cutter",-1.8,-2,"94",16.6,"28","0.316","0.474","0.455",29.5,25,23.3,"0.261","0.519","0.448",58.3
"Martin, Davis",663436,"CWS","CH","Changeup",2.3,2,"87",16,"28","0.179","0.321","0.213",11.3,10.7,8.8,"0.354","0.595","0.405",72
"Imai, Tatsuya",837227,"HOU","SL","Slider",0,0,"88",42.9,"28","0.19","0.238","0.316",42.9,32.1,22,"0.145","0.173","0.278",25
"Burke, Sean",680732,"CWS","CU","Curveball",-1,-1,"125",23.3,"28","0.25","0.429","0.289",21.3,32.1,17.3,"0.264","0.374","0.276",42.1
"Hudson, Bryan",663542,"CWS","FF","4-Seam Fastball",1.4,2,"150",54.5,"28","0.182","0.227","0.298",27.7,35.7,22.2,"0.194","0.258","0.282",23.1
"Arrighetti, Spencer",681293,"HOU","CU","Curveball",2.5,2,"87",29.8,"28","0.12","0.16","0.184",56.8,53.6,51.7,"0.102","0.126","0.163",10
"Abreu, Bryan",650556,"HOU","FF","4-Seam Fastball",-1.6,-2,"118",52.7,"28","0.278","0.611","0.489",28.2,21.4,23.1,"0.226","0.395","0.422",58.3
"Burrows, Mike",681347,"HOU","SI","Sinker",-1.7,-1,"88",16.2,"28","0.417","0.625","0.486",11.1,3.6,14.3,"0.242","0.423","0.345",34.8
"Bibee, Tanner",676440,"CLE","CH","Changeup",2.8,3,"112",18.2,"28","0.083","0.083","0.164",42,32.1,24.3,"0.102","0.115","0.182",13.3
"Nardi, Andrew",677053,"MIA","FF","4-Seam Fastball",0.7,1,"102",48.3,"28","0.286","0.286","0.356",25,21.4,17.1,"0.234","0.344","0.35",50
"Lord, Brad",695418,"WSH","SI","Sinker",3.7,3,"82",22.9,"28","0.185","0.185","0.186",14.3,10.7,18.8,"0.255","0.299","0.258",37.5
"Gilbert, Logan",669302,"SEA","FF","4-Seam Fastball",-0.5,-1,"192",29.9,"28","0.37","0.704","0.464",20.7,10.7,7.5,"0.289","0.524","0.357",45.8
"Alvarado, Elvis",665660,"ATH","FF","4-Seam Fastball",-1.2,-1,"110",60.4,"28","0.227","0.5","0.388",40,28.6,19.5,"0.207","0.52","0.386",42.9
"Parker, Mitchell",680730,"WSH","SL","Slider",-1.1,-1,"108",60.3,"28","0.28","0.4","0.393",39,28.6,23.5,"0.24","0.361","0.291",61.1
"Wacha, Michael",608379,"KC","FC","Cutter",1.5,1,"90",16,"28","0.308","0.5","0.357",20,25,29.2,"0.238","0.457","0.309",55
"Weathers, Ryan",677960,"NYY","SI","Sinker",-2.5,-2,"87",16.1,"28","0.4","0.52","0.434",10.5,14.3,23.5,"0.386","0.59","0.449",42.9
"Lugo, Seth",607625,"KC","SI","Sinker",2,2,"115",20.8,"28","0.208","0.292","0.261",16.7,10.7,12.5,"0.328","0.378","0.339",40.9
"Littell, Zack",641793,"WSH","SL","Slider",-1.4,-2,"121",25.6,"28","0.333","0.667","0.441",20.4,14.3,26.7,"0.414","0.797","0.551",73.7
"Varland, Gus",681402,"WSH","SL","Slider",-0.8,-1,"100",51,"28","0.24","0.48","0.331",27.8,17.9,16.1,"0.31","0.588","0.402",42.9
"López, Reynaldo",625643,"ATL","SL","Slider",-2.6,-3,"128",31.4,"28","0.304","0.478","0.377",32.7,25,17.1,"0.321","0.493","0.391",35.3
"Pérez, Martín",527048,"ATL","FC","Cutter",-0.1,0,"98",22,"28","0.28","0.6","0.391",12.2,25,25,"0.237","0.374","0.293",42.1
"Megill, Trevor",656730,"MIL","CU","Curveball",3.3,3,"84",43.8,"28","0.12","0.16","0.165",47.9,32.1,31,"0.118","0.152","0.161",23.5
"Sulser, Cole",642121,"TB","CH","Changeup",-1.1,-1,"122",41.8,"28","0.25","0.333","0.293",32.7,25,17.5,"0.203","0.373","0.29",38.9
"McClanahan, Shane",663556,"TB","CH","Changeup",1.2,1,"112",27.5,"28","0.12","0.12","0.236",36.4,39.3,23.9,"0.134","0.154","0.187",28.6
"Legumina, Casey",668984,"TB","FF","4-Seam Fastball",-0.1,0,"95",42.2,"28","0.25","0.417","0.318",15.6,17.9,15.2,"0.244","0.552","0.362",66.7
"Romero, JoJo",668941,"STL","SI","Sinker",2.3,3,"112",42.9,"28","0.227","0.227","0.296",13.2,14.3,28.6,"0.251","0.333","0.334",47.4
"Taillon, Jameson",592791,"CHC","FF","4-Seam Fastball",-1.6,-2,"142",25.8,"28","0.296","0.667","0.413",18.2,17.9,15.6,"0.3","0.712","0.432",40.9
"Taillon, Jameson",592791,"CHC","FC","Cutter",1.2,2,"130",23.6,"28","0.174","0.435","0.332",28.3,14.3,16,"0.181","0.345","0.308",42.1
"Peralta, Wandy",593974,"SD","CH","Changeup",1,1,"104",43.9,"28","0.222","0.37","0.27",34.9,21.4,15.8,"0.301","0.435","0.33",33.3
"Marinaccio, Ron",676760,"SD","CH","Changeup",-1.2,-1,"105",35.5,"28","0.28","0.4","0.338",26.7,10.7,7.9,"0.199","0.256","0.253",13.6
"Kikuchi, Yusei",579328,"LAA","FS","Split-Finger",1.3,2,"125",22,"28","0.143","0.357","0.207",27.8,32.1,22,"0.213","0.516","0.304",36.8
"Ramírez, Yohan",670990,"PIT","ST","Sweeper",3,3,"116",38.3,"28","0.077","0.115","0.159",36.4,42.9,26.1,"0.161","0.188","0.192",35.7
"Varland, Gus",681402,"WSH","FF","4-Seam Fastball",0.4,0,"91",46.4,"27","0.32","0.4","0.319",29.4,33.3,34.6,"0.239","0.323","0.272",64.7
"Williams, Devin",642207,"NYM","CH","Changeup",-3.3,-3,"95",48.5,"27","0.417","0.583","0.465",39.2,29.6,20,"0.291","0.484","0.373",31.3
"Winn, Keaton",676775,"SF","FS","Split-Finger",1.9,2,"118",61.1,"27","0.083","0.167","0.185",45.8,40.7,21.6,"0.13","0.199","0.182",21.4
"Lovelady, Richard",663992,"WSH","ST","Sweeper",0.8,1,"93",41.3,"27","0.2","0.36","0.272",25.6,22.2,17.6,"0.217","0.383","0.288",26.3
"Lord, Brad",695418,"WSH","FF","4-Seam Fastball",-0.9,-1,"129",36,"27","0.348","0.522","0.465",25.4,22.2,13.6,"0.305","0.5","0.38",72.2
"Cavalli, Cade",676917,"WSH","CU","Curveball",0.7,1,"139",24.2,"27","0.24","0.24","0.252",49,44.4,31.6,"0.178","0.198","0.206",30.8
"Dreyer, Jack",676263,"LAD","FF","4-Seam Fastball",2.9,3,"111",52.1,"27","0.136","0.136","0.212",22.2,29.6,23.5,"0.125","0.204","0.226",46.7
"Buehler, Walker",621111,"SD","FC","Cutter",0,0,"119",25.7,"27","0.273","0.409","0.369",19.2,14.8,22.2,"0.28","0.441","0.382",27.8
"Luzardo, Jesús",666200,"PHI","CH","Changeup",1.6,2,"119",20.9,"27","0.208","0.292","0.27",43.1,22.2,15.4,"0.268","0.493","0.365",22.2
"Backhus, Kyle",679775,"PHI","SI","Sinker",-0.4,0,"92",57.1,"27","0.385","0.5","0.381",10.6,14.8,14.8,"0.314","0.485","0.356",36.4
"Keller, Mitch",656605,"PIT","SI","Sinker",-0.6,-1,"93",18.2,"27","0.375","0.375","0.378",13.2,11.1,20,"0.364","0.443","0.391",52.4
"Leiter, Jack",683004,"TEX","SL","Slider",-2.4,-2,"100",18.1,"27","0.333","0.625","0.439",39.5,33.3,27.3,"0.271","0.511","0.372",53.3
"Graceffo, Gordon",700669,"STL","FF","4-Seam Fastball",4.7,5,"97",42.7,"27","0.125","0.125","0.178",10,7.4,13.3,"0.295","0.468","0.368",72.7
"Scholtens, Jesse",669947,"TB","SL","Slider",1.4,2,"112",36.7,"27","0.154","0.346","0.259",15.4,14.8,13.8,"0.265","0.423","0.308",40.9
"Bello, Brayan",678394,"BOS","FC","Cutter",-3.5,-4,"116",23,"27","0.36","0.88","0.561",51.6,22.2,33.3,"0.346","0.773","0.486",31.6
"Sproat, Brandon",687075,"MIL","FC","Cutter",-0.1,0,"126",27.8,"27","0.304","0.609","0.41",15.9,11.1,16.7,"0.275","0.53","0.37",40.9
"Woodruff, Brandon",605540,"MIL","SI","Sinker",-4,-3,"77",18.6,"27","0.4","0.68","0.454",10.3,11.1,17.6,"0.246","0.439","0.309",30.4
"Morán, Jovani",663558,"BOS","CH","Changeup",-1.3,-1,"102",36.7,"27","0.261","0.435","0.357",42.9,29.6,22.2,"0.221","0.413","0.333",33.3
"Woodford, Jake",663765,"MIL","FC","Cutter",1.2,1,"92",42.2,"27","0.269","0.385","0.3",25.5,11.1,15.8,"0.368","0.645","0.441",43.5
"Nicolas, Kyle",693312,"CIN","FF","4-Seam Fastball",-3.1,-3,"96",48.5,"27","0.294","0.529","0.48",17.2,18.5,20.8,"0.235","0.445","0.441",33.3
"Uribe, Abner",682842,"MIL","SI","Sinker",0.5,1,"106",59.2,"27","0.28","0.44","0.339",21.4,22.2,26.1,"0.313","0.49","0.368",47.4
"Warren, Will",701542,"NYY","ST","Sweeper",-0.8,-1,"120",23,"27","0.346","0.423","0.385",17,18.5,15.6,"0.366","0.536","0.401",38.1
"Varland, Louis",686973,"TOR","FF","4-Seam Fastball",3.1,4,"118",44,"27","0.13","0.174","0.191",29.5,51.9,28.6,"0.107","0.12","0.166",20
"Sterner, Justin",686993,"ATH","FF","4-Seam Fastball",0.8,1,"109",39.9,"27","0.304","0.348","0.337",18.3,22.2,16.7,"0.249","0.365","0.313",55.6
"Seabold, Connor",657756,"DET","FF","4-Seam Fastball",-0.2,0,"106",53,"27","0.304","0.522","0.352",17.9,22.2,17.1,"0.221","0.323","0.257",42.1
"Civale, Aaron",650644,"ATH","SI","Sinker",-1.5,-2,"105",20,"27","0.32","0.52","0.359",11.6,22.2,18.8,"0.306","0.466","0.351",65
"Vest, Will",676684,"DET","FF","4-Seam Fastball",-0.9,-1,"104",45.2,"27","0.364","0.5","0.437",20.8,22.2,19.4,"0.209","0.386","0.335",43.8
"Newcomb, Sean",656794,"CWS","SI","Sinker",-0.6,-1,"105",34.2,"27","0.375","0.583","0.443",12.2,11.1,15.8,"0.333","0.517","0.403",42.9
"Schultz, Noah",702273,"CWS","FF","4-Seam Fastball",3.7,3,"81",32.5,"27","0.087","0.13","0.183",36.1,37,24.4,"0.146","0.215","0.236",38.5
"Leasure, Jordan",673929,"CWS","FF","4-Seam Fastball",0.2,0,"116",47,"27","0.174","0.435","0.319",19.4,18.5,12.2,"0.198","0.652","0.401",50
"Fedde, Erick",607200,"CWS","SI","Sinker",-0.6,-1,"123",23.7,"27","0.227","0.409","0.35",4.9,14.8,12.9,"0.243","0.346","0.335",44.4
"Zeferjahn, Ryan",666171,"LAA","ST","Sweeper",2.9,3,"104",35.3,"27","0.083","0.167","0.17",46.2,40.7,28.9,"0.119","0.15","0.181",23.1
"Ashcraft, Braxton",677952,"PIT","SI","Sinker",1.6,2,"94",18,"26","0.227","0.273","0.278",24.4,7.7,20,"0.274","0.355","0.328",47.6
"Bubic, Kris",663460,"KC","CH","Changeup",4.2,5,"119",22.2,"26","0.04","0.04","0.064",35.8,26.9,15.2,"0.164","0.245","0.197",22.2
"Suárez, Albert",544150,"BAL","FF","4-Seam Fastball",1.6,2,"93",48.4,"26","0.217","0.304","0.281",10.9,11.5,11.1,"0.251","0.406","0.327",45
"Gray, Sonny",543243,"BOS","FC","Cutter",2.2,2,"91",23.3,"26","0.261","0.261","0.288",17,0,0,"0.265","0.408","0.335",21.7
"Buehler, Walker",621111,"SD","CU","Curveball",-1.9,-1,"75",16.2,"26","0.261","0.522","0.371",38.1,34.6,25,"0.245","0.472","0.349",57.1
"Vásquez, Randy",681190,"SD","FC","Cutter",1.2,2,"145",26.8,"26","0.292","0.458","0.35",27.1,23.1,18.8,"0.288","0.515","0.368",38.9
"Thompson, Ryan",657044,"AZ","SI","Sinker",-0.5,-1,"104",69.3,"26","0.273","0.455","0.406",17.4,7.7,15.4,"0.255","0.287","0.309",35
"Brogdon, Connor",641401,"CLE","FF","4-Seam Fastball",-2,-2,"97",50.5,"26","0.304","0.739","0.444",31.4,30.8,25,"0.261","0.641","0.391",41.2
"Skenes, Paul",694973,"PIT","SI","Sinker",2.6,2,"86",15.7,"26","0.174","0.217","0.233",9.1,19.2,29.4,"0.17","0.2","0.223",38.9
"Sewald, Paul",623149,"AZ","FF","4-Seam Fastball",-0.5,-1,"94",58,"26","0.227","0.636","0.396",25,23.1,23.1,"0.28","0.756","0.462",58.8
"Miller, Erik",669062,"SF","SI","Sinker",2.5,3,"104",44.3,"26","0.136","0.136","0.212",18.4,26.9,22.6,"0.158","0.212","0.244",26.7
"Beeks, Jalen",656222,"TEX","FF","4-Seam Fastball",1.9,2,"108",53.7,"26","0.13","0.261","0.208",17.6,26.9,21.2,"0.174","0.245","0.223",52.9
"Lawrence, Justin",664875,"PIT","ST","Sweeper",-0.2,0,"98",42.6,"26","0.167","0.375","0.262",42.9,46.2,30.8,"0.168","0.337","0.251",33.3
"Suter, Brent",608718,"LAA","FF","4-Seam Fastball",-6.3,-6,"92",28.5,"26","0.409","0.864","0.58",14.3,11.5,8.8,"0.244","0.502","0.376",21.1
"Montero, Keider",672456,"DET","SI","Sinker",2.7,2,"85",21.3,"26","0.208","0.333","0.24",10,11.5,18.8,"0.174","0.244","0.225",36.4
"Vesia, Alex",681911,"LAD","FF","4-Seam Fastball",0.9,1,"103",58.2,"26","0.136","0.227","0.238",28,23.1,19.4,"0.199","0.313","0.295",31.3
"Mize, Casey",663554,"DET","SL","Slider",2,2,"111",23.5,"26","0.174","0.348","0.248",31.9,26.9,38.9,"0.231","0.452","0.327",58.8
"Santana, Dennis",642701,"PIT","SL","Slider",-2.4,-2,"96",40,"26","0.238","0.476","0.377",32.5,26.9,17.5,"0.222","0.365","0.336",35.7
"Brown, Ben",676962,"CHC","FF","4-Seam Fastball",-1.3,-2,"126",35.8,"26","0.318","0.455","0.365",19.3,19.2,15.2,"0.24","0.359","0.309",33.3
"Skenes, Paul",694973,"PIT","CH","Changeup",-0.4,0,"102",18.6,"26","0.25","0.333","0.262",36.4,26.9,12.5,"0.208","0.284","0.223",16.7
"Morgan, David",688158,"SD","SI","Sinker",-1.3,-1,"90",34.7,"25","0.318","0.5","0.394",14,8,18.2,"0.28","0.34","0.321",25
"Scott, Tanner",656945,"LAD","SL","Slider",3.2,3,"85",46.7,"25","0.174","0.174","0.2",36.4,24,20.7,"0.245","0.293","0.271",23.5
"Anderson, Grant",681982,"MIL","ST","Sweeper",2.8,2,"80",35.1,"25","0.16","0.28","0.186",31.7,40,30.3,"0.189","0.263","0.195",53.3
"Williamson, Brandon",682227,"CIN","CH","Changeup",0.6,1,"122",23.6,"25","0.25","0.292","0.258",38.3,16,12.9,"0.276","0.423","0.315",30
"King, Michael",650633,"SD","FF","4-Seam Fastball",0.3,0,"107",19.3,"25","0.167","0.167","0.304",40.5,44,24.4,"0.117","0.161","0.282",14.3
"Freeland, Kyle",607536,"COL","FF","4-Seam Fastball",-2,-2,"91",27.7,"25","0.318","0.636","0.438",19,20,17.2,"0.289","0.526","0.387",35.3
"Loáisiga, Jonathan",642528,"AZ","CH","Changeup",-0.6,0,"75",30.7,"25","0.273","0.318","0.286",33.3,28,25.9,"0.252","0.38","0.341",50
"Williamson, Brandon",682227,"CIN","FF","4-Seam Fastball",-5,-5,"106",20.5,"25","0.333","0.8","0.534",11.1,4,3.6,"0.385","0.83","0.567",40
"Abbott, Andrew",671096,"CIN","ST","Sweeper",-2.3,-2,"108",17.9,"25","0.292","0.583","0.354",25.5,40,21.3,"0.222","0.466","0.28",40
"Pérez, Cionel",672335,"WSH","CU","Curveball",2.3,2,"94",35.1,"25","0.13","0.174","0.214",29.5,28,30.4,"0.291","0.483","0.359",56.3
"McCullers Jr., Lance",621121,"HOU","ST","Sweeper",0.9,1,"86",16.1,"25","0.158","0.158","0.276",30,28,25,"0.193","0.244","0.313",25
"Dollander, Chase",801403,"COL","SI","Sinker",0.3,0,"115",21.7,"25","0.261","0.304","0.358",15.4,8,15.4,"0.271","0.304","0.289",57.1
"Foster, Cameron",671382,"BAL","FF","4-Seam Fastball",-0.8,-1,"92",59.7,"25","0.35","0.35","0.392",25.6,20,26.3,"0.262","0.296","0.335",26.7
"Abreu, Bryan",650556,"HOU","SL","Slider",-3.7,-4,"106",47.3,"25","0.3","0.7","0.472",43.5,40,29.4,"0.209","0.488","0.373",60
"Festa, Matt",670036,"CLE","FF","4-Seam Fastball",1.8,1,"80",39.4,"25","0.261","0.261","0.28",30.8,36,50,"0.223","0.261","0.222",26.7
"Kilian, Caleb",668873,"SF","FF","4-Seam Fastball",3.7,4,"96",48.2,"25","0.095","0.095","0.156",14.6,24,23.1,"0.115","0.15","0.181",37.5
"Jansen, Kenley",445276,"DET","FC","Cutter",-0.8,-1,"117",78.5,"25","0.286","0.571","0.416",28.6,24,16.7,"0.289","0.495","0.391",33.3
"Anderson, Drew",623454,"DET","CH","Changeup",-1.8,-2,"98",32.8,"25","0.217","0.435","0.308",28.9,28,17.5,"0.17","0.305","0.24",37.5
"Sterner, Justin",686993,"ATH","FC","Cutter",-2.4,-2,"86",31.5,"25","0.4","0.6","0.504",28,20,25,"0.273","0.43","0.303",45
"Liberatore, Matthew",669461,"STL","CH","Changeup",1.3,1,"82",16.5,"25","0.261","0.304","0.306",23.8,4,9.1,"0.252","0.313","0.264",17.4
"Lee, Dylan",669276,"ATL","SL","Slider",2.5,3,"121",57.3,"25","0.174","0.348","0.228",44.4,32,20,"0.168","0.222","0.214",31.3
"Lowder, Rhett",695076,"CIN","CH","Changeup",1.4,2,"110",20.4,"25","0.16","0.24","0.179",31,24,18.8,"0.227","0.357","0.25",31.6
"Nelson, Ryne",669194,"AZ","SL","Slider",2,2,"83",17.9,"25","0.167","0.208","0.222",36.6,44,35.5,"0.195","0.29","0.227",53.8
"Rasmussen, Drew",656876,"TB","SI","Sinker",3.1,3,"92",18.7,"25","0.08","0.2","0.188",9.1,20,17.9,"0.206","0.333","0.231",45
"Holton, Tyler",663947,"DET","FC","Cutter",1.8,2,"93",38.3,"25","0.227","0.227","0.264",13.6,12,14.3,"0.263","0.317","0.304",52.6
"Flaherty, Jack",656427,"DET","CU","Curveball",-1.4,-1,"103",20.5,"25","0.25","0.45","0.402",37.8,20,14.7,"0.281","0.498","0.394",31.3
"Helsley, Ryan",664854,"BAL","FF","4-Seam Fastball",2.1,2,"97",50.5,"25","0.143","0.19","0.27",33.3,28,35,"0.191","0.315","0.294",57.1
"Corbin, Patrick",571578,"TOR","SL","Slider",3.1,3,"86",27.5,"25","0.125","0.125","0.136",52.5,52,30.2,"0.145","0.171","0.16",36.4
"Mejia, Juan",675848,"COL","ST","Sweeper",0.1,0,"115",40.1,"24","0.273","0.273","0.283",44.2,33.3,20,"0.172","0.199","0.208",7.1
"Mayza, Tim",641835,"PHI","SL","Slider",-1.1,-1,"92",31.3,"24","0.174","0.304","0.263",22.5,25,14.6,"0.224","0.407","0.284",47.1
"Miles, Spencer",693686,"TOR","SI","Sinker",3.2,3,"81",32.7,"24","0.2","0.2","0.267",33.3,20.8,31.3,"0.286","0.315","0.336",26.7
"Early, Connelly",813349,"BOS","SI","Sinker",3.2,3,"90",16.7,"24","0.105","0.105","0.23",8,25,40,"0.199","0.292","0.316",30.8
"Weaver, Luke",596133,"NYM","FF","4-Seam Fastball",2.1,2,"104",54.5,"24","0.182","0.273","0.257",25,20.8,25,"0.247","0.357","0.28",38.9
"Eovaldi, Nathan",543135,"TEX","CU","Curveball",0.1,0,"113",18,"24","0.25","0.417","0.285",33.9,29.2,16.7,"0.15","0.261","0.176",35.3
"Gallen, Zac",668678,"AZ","CU","Curveball",-4.4,-4,"93",19.4,"24","0.364","0.727","0.477",20.5,16.7,10.3,"0.349","0.679","0.455",55.6
"Ryan, Joe",657746,"MIN","SI","Sinker",2.7,2,"84",13.4,"24","0.227","0.273","0.231",10.3,20.8,20.8,"0.256","0.427","0.35",55.6
"Roupp, Landen",694738,"SF","CH","Changeup",2.1,2,"99",17.3,"24","0.045","0.045","0.133",27.8,25,13.6,"0.202","0.265","0.246",25
"Lawrence, Justin",664875,"PIT","SI","Sinker",-0.3,0,"93",40.4,"24","0.25","0.3","0.394",14,0,0,"0.391","0.484","0.434",45
"Nance, Tommy",667297,"TOR","CU","Curveball",4.1,3,"82",38.7,"24","0.045","0.045","0.096",26.8,45.8,27.5,"0.109","0.125","0.153",27.3
"Scott, Tanner",656945,"LAD","FF","4-Seam Fastball",0.9,1,"97",53.3,"24","0.167","0.417","0.242",31,29.2,21.9,"0.289","0.573","0.364",41.2
"Kelly, Kevin",687330,"TB","SI","Sinker",3.3,3,"103",52.6,"24","0.143","0.143","0.238",24.5,16.7,19,"0.34","0.549","0.422",64.7
"Harrison, Kyle",690986,"MIL","SV","Slurve",2,2,"108",25.4,"24","0.091","0.091","0.171",26.1,29.2,18.4,"0.157","0.187","0.195",13.3
"Klein, Will",694361,"LAD","FF","4-Seam Fastball",3.8,4,"100",46.7,"24","0.13","0.13","0.148",24.3,37.5,27.3,"0.173","0.206","0.19",14.3
"Fluharty, Mason",689254,"TOR","ST","Sweeper",0.2,0,"90",41.3,"24","0.19","0.381","0.269",50,41.7,32.3,"0.145","0.213","0.193",16.7
"Patrick, Chad",694477,"MIL","SI","Sinker",-0.1,0,"95",20.3,"24","0.294","0.529","0.411",17.1,20.8,23.8,"0.265","0.546","0.406",42.9
"Gage, Matt",657424,"SF","SL","Slider",-0.5,-1,"109",52.9,"24","0.278","0.5","0.394",19.6,0,0,"0.35","0.663","0.487",36.8
"Baker, Bryan",641329,"TB","CH","Changeup",2.5,2,"90",44.8,"24","0.167","0.25","0.179",44.9,33.3,20,"0.161","0.188","0.152",6.3
"Bido, Osvaldo",674370,"CWS","FF","4-Seam Fastball",0.2,0,"84",32.4,"24","0.167","0.278","0.317",21.1,12.5,10,"0.262","0.432","0.396",53.3
"Littell, Zack",641793,"WSH","SI","Sinker",-11.5,-9,"82",17.3,"23","0.391","1.087","0.646",4.3,4.3,7.1,"0.392","0.931","0.553",54.5
"Suarez, José",660761,"ATL","FF","4-Seam Fastball",-1.7,-2,"131",39.9,"23","0.4","0.467","0.493",21.2,13,7.9,"0.317","0.42","0.451",50
"Fried, Max",608331,"NYY","CU","Curveball",2,2,"100",15.3,"23","0.095","0.095","0.155",25.7,21.7,14.7,"0.138","0.177","0.161",11.8
"Domínguez, Seranthony",622554,"CWS","FF","4-Seam Fastball",-2.4,-2,"90",35.9,"23","0.2","0.4","0.409",30.6,34.8,26.7,"0.206","0.433","0.419",42.9
"Cecconi, Slade",677944,"CLE","CU","Curveball",-3.5,-3,"94",17.6,"23","0.316","0.632","0.452",41.7,34.8,17,"0.282","0.562","0.416",45.5
"Marinaccio, Ron",676760,"SD","FF","4-Seam Fastball",-0.9,-1,"111",37.5,"23","0.286","0.619","0.407",31,26.1,19.4,"0.271","0.595","0.391",53.3
"Yamamoto, Yoshinobu",808967,"LAD","FC","Cutter",0.3,0,"102",17.9,"23","0.35","0.4","0.35",28.6,13,17.6,"0.275","0.416","0.319",27.8
"Javier, Cristian",664299,"HOU","FF","4-Seam Fastball",-5.6,-5,"84",47.7,"23","0.5","0.75","0.589",16.3,4.3,4.3,"0.429","0.708","0.551",53.3
"Gilbert, Logan",669302,"SEA","FC","Cutter",0.2,0,"88",13.7,"23","0.35","0.45","0.396",18.6,13,20,"0.248","0.322","0.306",47.1
"Brazobán, Huascar",623211,"NYM","CH","Changeup",-0.6,-1,"80",39.6,"23","0.261","0.348","0.304",26.7,13,8.1,"0.263","0.314","0.252",25
"Meyer, Max",676974,"MIA","FF","4-Seam Fastball",-1.2,-1,"106",20.9,"23","0.286","0.571","0.389",12,8.7,8.3,"0.3","0.55","0.391",52.6
"Waldron, Matt",663362,"SD","KN","Knuckleball",-4,-3,"82",33.3,"23","0.381","0.667","0.467",14.6,8.7,10.5,"0.289","0.383","0.326",42.1
"Faucher, Calvin",676534,"MIA","FC","Cutter",1.1,1,"83",41.3,"23","0.2","0.2","0.345",23.7,8.7,13.3,"0.328","0.49","0.462",64.3
"Tolle, Payton",801139,"BOS","FF","4-Seam Fastball",2.2,2,"83",51.6,"23","0.095","0.238","0.187",32.6,43.5,35.7,"0.055","0.116","0.127",36.4
"Wolfram, Grant",664991,"BAL","SI","Sinker",0.1,0,"80",44.9,"23","0.364","0.5","0.428",26.8,30.4,38.9,"0.25","0.345","0.276",33.3
"Dreyer, Jack",676263,"LAD","SL","Slider",-0.9,-1,"95",44.6,"23","0.238","0.476","0.335",37.8,30.4,20,"0.218","0.497","0.334",42.9
"Hancock, Emerson",676106,"SEA","ST","Sweeper",1,1,"130",23.9,"23","0.13","0.13","0.123",29.8,43.5,16.9,"0.132","0.151","0.124",0
"Burke, Brock",656271,"CIN","FF","4-Seam Fastball",3.4,3,"82",34.7,"23","0.1","0.1","0.177",30.8,39.1,28.1,"0.143","0.218","0.229",36.4
"Griffin, Foster",656492,"WSH","FF","4-Seam Fastball",-3.5,-3,"86",15.9,"23","0.235","0.588","0.435",9.4,17.4,12.9,"0.292","0.589","0.458",46.2
"Ashcraft, Graham",668933,"CIN","SL","Slider",2.9,3,"113",45.7,"23","0.045","0.045","0.073",45.8,52.2,30,"0.101","0.128","0.128",40
"Silseth, Chase",681217,"LAA","FS","Split-Finger",2,2,"85",39.7,"22","0.15","0.3","0.236",43.8,27.3,22.2,"0.158","0.272","0.23",35.7
"Kelly, Merrill",518876,"AZ","CH","Changeup",-3.9,-3,"84",29.1,"22","0.316","0.474","0.391",42.5,22.7,18.5,"0.368","0.584","0.448",35.7
"Barco, Hunter",682995,"PIT","FF","4-Seam Fastball",-2.2,-2,"82",35.3,"22","0.368","0.579","0.448",15.8,22.7,17.9,"0.343","0.534","0.419",50
"Ramírez, Yohan",670990,"PIT","FF","4-Seam Fastball",-0.3,0,"85",28.1,"22","0.222","0.5","0.373",20.5,22.7,21.7,"0.215","0.325","0.317",30.8
"Treinen, Blake",595014,"LAD","ST","Sweeper",-2.1,-2,"83",53.5,"22","0.25","0.65","0.4",36.8,36.4,22.2,"0.339","0.656","0.446",58.3
"Romero, JoJo",668941,"STL","ST","Sweeper",-0.3,0,"95",36.4,"22","0.286","0.524","0.359",17.5,22.7,18.5,"0.311","0.638","0.412",43.8
"Rodriguez, Bradgley",699134,"SD","CH","Changeup",4.7,4,"95",40.4,"22","0","0","0.064",45.8,36.4,22.2,"0.064","0.076","0.119",8.3
"May, Dustin",669160,"STL","FC","Cutter",2.1,2,"88",17.7,"22","0.3","0.3","0.277",10.4,13.6,17.6,"0.26","0.301","0.255",33.3
"Suter, Brent",608718,"LAA","CH","Changeup",3.5,3,"98",30.3,"22","0.045","0.091","0.057",40.4,27.3,13.6,"0.157","0.269","0.183",18.8
"Brash, Matt",666374,"SEA","SL","Slider",3.7,3,"82",55.4,"22","0.1","0.2","0.152",34.3,31.8,30.4,"0.182","0.359","0.25",35.7
"Young, Brandon",687064,"BAL","FF","4-Seam Fastball",0,0,"82",34,"22","0.2","0.55","0.343",20.4,13.6,13.6,"0.282","0.684","0.431",47.1
"Megill, Trevor",656730,"MIL","FF","4-Seam Fastball",-1.5,-2,"108",56.3,"22","0.412","0.588","0.483",21.3,18.2,12.9,"0.373","0.746","0.516",64.3
"Franco, Jose",683742,"CIN","FF","4-Seam Fastball",-2.5,-2,"87",47.5,"22","0.313","0.75","0.511",7.7,13.6,16.7,"0.32","0.662","0.492",53.8
"Fluharty, Mason",689254,"TOR","FC","Cutter",-0.6,-1,"118",54.1,"22","0.294","0.353","0.407",26.2,22.7,15.2,"0.16","0.324","0.297",38.5
"Beeter, Clayton",690925,"WSH","SL","Slider",1.9,2,"80",44.2,"22","0.05","0.2","0.186",30.6,31.8,22.6,"0.164","0.304","0.278",38.5
"Lord, Brad",695418,"WSH","SL","Slider",2.3,2,"96",26.8,"22","0.182","0.318","0.214",24.5,18.2,11.1,"0.232","0.476","0.3",50
"Beeter, Clayton",690925,"WSH","FF","4-Seam Fastball",0.3,0,"101",55.8,"22","0.25","0.438","0.373",14.6,9.1,11.8,"0.256","0.46","0.433",66.7
"Lopez, Jacob",682052,"ATH","FC","Cutter",-0.3,0,"94",19.8,"22","0.286","0.286","0.418",20,13.6,18.8,"0.245","0.286","0.404",27.3
"Phillips, Tyler",663969,"MIA","SI","Sinker",1.7,2,"90",28,"22","0.176","0.176","0.282",7.1,4.5,10,"0.261","0.427","0.388",62.5
"Senga, Kodai",673540,"NYM","FC","Cutter",-1.8,-1,"82",22.3,"22","0.389","0.556","0.464",34.2,4.5,12.5,"0.276","0.343","0.35",35.3
"Williams, Gavin",668909,"CLE","SI","Sinker",2.4,2,"85",12.9,"22","0.238","0.286","0.252",13.8,36.4,47.1,"0.24","0.356","0.276",61.5
"Brogdon, Connor",641401,"CLE","CH","Changeup",1.7,1,"80",41.7,"22","0.15","0.2","0.264",25.6,13.6,20,"0.242","0.322","0.267",44.4
"Sims, Lucas",608371,"CWS","FF","4-Seam Fastball",-1.7,-1,"78",45.6,"22","0.25","0.5","0.407",6.1,13.6,21.4,"0.276","0.536","0.428",64.3
"Brazobán, Huascar",623211,"NYM","SI","Sinker",2.9,3,"95",47,"22","0.2","0.35","0.277",26.9,22.7,35.7,"0.244","0.386","0.31",33.3
"Burke, Sean",680732,"CWS","SI","Sinker",-0.5,0,"86",16,"22","0.2","0.45","0.309",9.1,0,0,"0.226","0.376","0.298",45
"Newcomb, Sean",656794,"CWS","SV","Slurve",-0.6,-1,"105",34.2,"22","0.286","0.429","0.325",24.5,18.2,11.4,"0.278","0.33","0.287",29.4
"Sánchez, Cristopher",650911,"PHI","SL","Slider",-0.6,-1,"122",18.8,"22","0.318","0.5","0.393",34.5,27.3,21.4,"0.303","0.494","0.342",31.3
"Kerkering, Orion",689147,"PHI","ST","Sweeper",0.5,0,"78",40.2,"22","0.158","0.316","0.268",17.9,18.2,13.8,"0.175","0.27","0.26",6.7
"Walker, Taijuan",592836,"PHI","FC","Cutter",-6.2,-5,"84",19.8,"22","0.368","0.842","0.582",17.1,9.1,18.2,"0.349","0.652","0.435",22.2
"King, Michael",650633,"SD","ST","Sweeper",1.6,2,"110",19.9,"22","0.105","0.263","0.227",33.3,22.7,16.1,"0.137","0.281","0.246",28.6
"Bradish, Kyle",680694,"BAL","FF","4-Seam Fastball",-3.9,-3,"82",14.9,"21","0.526","0.789","0.655",11.1,9.5,33.3,"0.418","0.721","0.506",35.3
"Loáisiga, Jonathan",642528,"AZ","SI","Sinker",1.6,1,"76",31.1,"21","0.333","0.429","0.333",25,14.3,30,"0.241","0.306","0.237",44.4
"Ohtani, Shohei",660271,"LAD","ST","Sweeper",2.2,2,"102",21.6,"21","0.167","0.278","0.262",42.2,33.3,25,"0.119","0.133","0.194",0
"McCullers Jr., Lance",621121,"HOU","CU","Curveball",-3,-2,"80",15,"21","0.278","0.611","0.417",50,42.9,20.5,"0.219","0.473","0.349",66.7
"Peralta, Wandy",593974,"SD","SI","Sinker",-5.3,-4,"80",33.8,"21","0.474","0.895","0.59",9.3,4.8,5.9,"0.268","0.521","0.366",33.3
"Ginkel, Kevin",656464,"AZ","FF","4-Seam Fastball",-1.4,-1,"96",43.4,"21","0.4","0.6","0.445",17.4,28.6,26.1,"0.297","0.502","0.357",71.4
"Mikolas, Miles",571945,"WSH","SL","Slider",0.3,0,"86",18,"21","0.263","0.474","0.35",23.1,4.8,5.3,"0.267","0.472","0.353",38.9
"Brown, Ben",676962,"CHC","SI","Sinker",1.1,1,"86",24.4,"21","0.263","0.263","0.324",8.1,9.5,16.7,"0.233","0.269","0.266",29.4
"Medina, Luis",665622,"ATH","FF","4-Seam Fastball",-0.7,-1,"78",35.5,"21","0.188","0.375","0.348",28.6,23.8,21.7,"0.275","0.6","0.447",63.6
"Houser, Adrian",605288,"SF","CH","Changeup",-1.2,-1,"112",22.6,"21","0.286","0.429","0.35",34.9,19,11.4,"0.247","0.377","0.267",41.2
"Pfaadt, Brandon",694297,"AZ","CU","Curveball",-0.3,0,"93",22.1,"21","0.176","0.353","0.281",32.5,19,16.7,"0.15","0.282","0.282",14.3
"Suter, Brent",608718,"LAA","SI","Sinker",1.3,1,"84",26,"21","0.278","0.389","0.348",19.4,23.8,16.7,"0.203","0.365","0.307",53.8
"McLean, Nolan",690997,"NYM","FF","4-Seam Fastball",2.1,2,"104",18.5,"21","0.158","0.316","0.248",23.4,28.6,22.2,"0.209","0.382","0.294",53.8
"Gilbert, Logan",669302,"SEA","CU","Curveball",-0.1,0,"85",13.2,"21","0.238","0.381","0.307",30,19,15.4,"0.315","0.513","0.355",29.4
"Sasaki, Roki",808963,"LAD","SL","Slider",-1.4,-1,"103",23.5,"21","0.267","0.533","0.428",38.8,28.6,26.1,"0.163","0.23","0.301",30
"Mantiply, Joe",573009,"TOR","SI","Sinker",-0.8,-1,"81",47.1,"21","0.438","0.625","0.486",5.7,19,25,"0.344","0.674","0.472",69.2
"Mlodzinski, Carmen",669387,"PIT","SI","Sinker",-0.8,-1,"93",18.4,"21","0.412","0.529","0.433",5.3,4.8,7.1,"0.36","0.48","0.413",64.7
"Mahle, Tyler",641816,"SF","FC","Cutter",0,0,"81",15.4,"21","0.333","0.5","0.395",3.3,0,0,"0.316","0.422","0.356",36.8
"Romano, Jordan",605447,"LAA","FF","4-Seam Fastball",0.2,0,"94",49,"21","0.267","0.333","0.388",17.1,19,11.8,"0.211","0.323","0.364",45.5
"Pop, Zach",647315,"PHI","SI","Sinker",3.5,3,"81",62.3,"21","0.111","0.167","0.169",11.8,19,20,"0.218","0.336","0.272",46.7
"Borucki, Ryan",621366,"SF","SL","Slider",2.9,2,"78",49.4,"21","0.19","0.19","0.171",40.5,33.3,31.8,"0.244","0.293","0.235",35.7
"McLean, Nolan",690997,"NYM","ST","Sweeper",-0.7,-1,"87",15.5,"21","0.188","0.188","0.295",22.7,19,21.1,"0.175","0.208","0.294",8.3
"Webb, Logan",657277,"SF","ST","Sweeper",-0.4,-1,"139",20.8,"21","0.333","0.444","0.39",15.8,28.6,23.1,"0.297","0.505","0.392",41.7
"Boyd, Matthew",571510,"CHC","CH","Changeup",-1.1,-1,"88",26.2,"21","0.3","0.55","0.376",36,23.8,16.7,"0.299","0.524","0.368",13.3
"Kelly, Merrill",518876,"AZ","FF","4-Seam Fastball",-6.6,-5,"76",26.3,"21","0.467","0.933","0.618",25,9.5,15.4,"0.479","1.23","0.705",71.4
"Poulin, PJ",676571,"WSH","ST","Sweeper",0.5,0,"94",34.3,"21","0.111","0.444","0.29",27.9,23.8,17.9,"0.139","0.485","0.32",53.8
"Cavalli, Cade",676917,"WSH","ST","Sweeper",-2.1,-2,"80",13.9,"21","0.125","0.188","0.355",25,14.3,8.3,"0.302","0.363","0.387",30.8
"Cameron, Noah",702070,"KC","CU","Curveball",-0.5,0,"83",16.4,"20","0.158","0.263","0.25",22.6,40,25,"0.243","0.423","0.306",36.4
"Romano, Jordan",605447,"LAA","SL","Slider",-2.6,-2,"89",46.4,"20","0.368","0.684","0.458",43.9,35,28,"0.247","0.409","0.302",41.7
"Wacha, Michael",608379,"KC","SI","Sinker",-0.5,0,"83",14.8,"20","0.143","0.429","0.373",22,20,15.4,"0.286","0.589","0.468",70
"Ragans, Cole",666142,"KC","CH","Changeup",-1.8,-2,"91",18.8,"20","0.3","0.5","0.343",39.6,25,17.2,"0.236","0.429","0.281",26.7
"Suarez, Ranger",624133,"BOS","CH","Changeup",-2,-2,"94",18.7,"20","0.3","0.55","0.36",30.4,15,10,"0.258","0.468","0.308",41.2
"Thielbar, Caleb",573204,"CHC","FF","4-Seam Fastball",4.5,4,"86",53.1,"20","0.105","0.105","0.125",24.5,30,16.2,"0.105","0.177","0.149",23.1
"Seymour, Ian",693855,"TB","CH","Changeup",0.6,1,"78",33.5,"20","0.211","0.316","0.25",34.2,40,27.6,"0.221","0.408","0.286",63.6
"Bradish, Kyle",680694,"BAL","CU","Curveball",0,0,"101",18.4,"20","0.263","0.368","0.295",40.8,20,16.7,"0.229","0.326","0.261",60
"Rodriguez, Eduardo",593958,"AZ","FC","Cutter",-4.3,-4,"83",15,"20","0.333","0.778","0.485",12.5,15,23.1,"0.313","0.78","0.482",53.3
"Miller, Mason",695243,"SD","FF","4-Seam Fastball",1,1,"86",40,"20","0.235","0.235","0.285",40.4,25,21.7,"0.228","0.269","0.29",25
"Perkins, Jack",678022,"ATH","FF","4-Seam Fastball",4.1,3,"83",39.9,"20","0.118","0.118","0.205",25,30,20,"0.208","0.392","0.323",45.5
"McGreevy, Michael",700241,"STL","SI","Sinker",3.8,3,"79",15,"20","0.167","0.222","0.223",14.6,25,25,"0.199","0.253","0.246",30.8
"Peterson, David",656849,"NYM","FF","4-Seam Fastball",-1.3,-1,"104",21.2,"20","0.316","0.526","0.375",21.7,25,26.3,"0.22","0.288","0.243",35.7
"Williams, Devin",642207,"NYM","FF","4-Seam Fastball",-0.1,0,"101",51.5,"20","0.313","0.438","0.384",32.6,35,28,"0.171","0.215","0.252",30
"Rea, Colin",607067,"CHC","FS","Split-Finger",2.8,2,"82",18.3,"20","0.118","0.118","0.195",32.4,25,20.8,"0.19","0.226","0.259",33.3
"Kay, Anthony",641743,"CWS","FC","Cutter",-1.8,-2,"96",18.4,"20","0.286","0.5","0.468",20.5,0,0,"0.245","0.515","0.437",35.7
"Bibee, Tanner",676440,"CLE","CU","Curveball",2.6,2,"84",13.6,"20","0.053","0.211","0.135",25.6,30,14.6,"0.136","0.319","0.217",38.5
"Milner, Hoby",571948,"CHC","SI","Sinker",1.6,1,"90",42.1,"20","0.3","0.45","0.325",10,0,0,"0.393","0.743","0.481",40
"Cabrera, Edward",665795,"CHC","FF","4-Seam Fastball",-0.4,0,"82",15,"20","0.25","0.5","0.393",22.6,10,11.8,"0.237","0.539","0.401",42.9
"Walker, Taijuan",592836,"PHI","SI","Sinker",-3.9,-4,"96",22.6,"20","0.375","0.625","0.483",13.3,20,14.3,"0.239","0.44","0.371",41.7
"Bernardino, Brennan",657514,"COL","SI","Sinker",1.8,1,"81",41.3,"20","0.316","0.421","0.358",22.2,15,15.8,"0.262","0.325","0.277",31.3
"Hall, DL",669084,"MIL","SI","Sinker",1.2,1,"102",38.6,"19","0.231","0.231","0.363",6.3,5.3,5,"0.352","0.511","0.476",25
"Winn, Cole",668390,"TEX","FF","4-Seam Fastball",-0.3,0,"79",35.9,"19","0.214","0.429","0.384",31,36.8,25,"0.166","0.402","0.359",71.4
"Bachman, Sam",696147,"LAA","SI","Sinker",1.2,1,"80",32.1,"19","0.077","0.077","0.268",22.7,21.1,20,"0.138","0.218","0.324",33.3
"Alcantara, Sandy",645261,"MIA","SL","Slider",1.8,2,"103",15.4,"19","0.111","0.278","0.189",34,31.6,24,"0.16","0.323","0.23",25
"Skubal, Tarik",669373,"DET","SL","Slider",2.4,2,"86",13.7,"19","0.158","0.211","0.208",34.2,31.6,28.6,"0.227","0.265","0.216",76.9
"Martin, Davis",663436,"CWS","FC","Cutter",-2,-2,"93",17.1,"19","0.421","0.737","0.492",25,15.8,21.4,"0.445","0.675","0.482",56.3
"Cantillo, Joey",676282,"CLE","CU","Curveball",-1.3,-1,"87",16.7,"19","0.353","0.353","0.358",26.7,31.6,22.2,"0.25","0.277","0.28",27.3
"Varland, Louis",686973,"TOR","CU","Curveball",-2.8,-2,"84",31.3,"19","0.444","0.5","0.434",38.1,31.6,20.7,"0.292","0.35","0.305",58.3
"Soto, Gregory",642397,"PIT","SI","Sinker",1.8,2,"97",40.6,"19","0.235","0.294","0.282",6.5,5.3,16.7,"0.268","0.329","0.307",31.3
"Imanaga, Shota",684007,"CHC","ST","Sweeper",1,1,"93",16.7,"18","0.222","0.333","0.239",44,44.4,25,"0.176","0.236","0.176",30
"Pallante, Andre",669467,"STL","CU","Curveball",0,0,"99",18.4,"18","0.176","0.294","0.228",31.3,22.2,12.1,"0.228","0.394","0.289",46.2
"Irvin, Jake",663623,"WSH","CU","Curveball",2.4,3,"105",20.2,"18","0","0","0.117",48.8,38.9,20,"0.166","0.263","0.269",50
"Sterner, Justin",686993,"ATH","ST","Sweeper",0.9,1,"78",28.6,"18","0.118","0.294","0.2",45.7,38.9,21.2,"0.17","0.213","0.195",40
"Lambert, Peter",663567,"HOU","FF","4-Seam Fastball",1,1,"88",31.8,"18","0.214","0.214","0.306",28.9,22.2,13.8,"0.237","0.393","0.364",50
"Woodruff, Brandon",605540,"MIL","CH","Changeup",1,1,"87",21,"18","0.222","0.278","0.219",39.5,27.8,23.8,"0.274","0.382","0.283",23.1
"Bazardo, Eduard",660825,"SEA","ST","Sweeper",-1.2,-1,"80",36.2,"18","0.294","0.471","0.347",29.4,11.1,8.3,"0.23","0.347","0.27",33.3
"Baker, Bryan",641329,"TB","FF","4-Seam Fastball",1.9,2,"94",46.8,"18","0.133","0.133","0.217",36.4,27.8,13.5,"0.153","0.189","0.241",30
"Bubic, Kris",663460,"KC","ST","Sweeper",-2,-2,"78",14.5,"18","0.333","0.611","0.4",29.6,38.9,36.8,"0.213","0.416","0.265",45.5
"Morgan, David",688158,"SD","CU","Curveball",-2.3,-2,"81",31.3,"18","0.2","0.533","0.367",45.5,44.4,25,"0.127","0.228","0.242",42.9
"deGrom, Jacob",594798,"TEX","CH","Changeup",3.2,3,"85",16.3,"18","0.111","0.111","0.1",39.5,38.9,31.8,"0.151","0.225","0.162",18.2
"Svanson, Matt",694335,"STL","ST","Sweeper",-0.8,-1,"83",26.2,"18","0.25","0.438","0.339",27,33.3,22.2,"0.291","0.481","0.37",20
"Strahm, Matt",621381,"KC","FF","4-Seam Fastball",1.1,1,"78",38,"18","0.222","0.556","0.322",25,38.9,29.2,"0.134","0.264","0.168",36.4
"Boyle, Joe",671212,"TB","SL","Slider",1.8,2,"90",34.2,"17","0.143","0.214","0.221",27,17.6,16.7,"0.222","0.315","0.271",30.8
"Weathers, Ryan",677960,"NYY","ST","Sweeper",2.6,3,"106",19.6,"17","0.059","0.235","0.118",50,58.8,41.7,"0.12","0.242","0.154",14.3
"Holmes, Clay",605280,"NYM","ST","Sweeper",2.1,2,"93",17.5,"17","0.133","0.133","0.188",41,47.1,32,"0.099","0.115","0.165",14.3
"Bachar, Lake",669199,"MIA","FF","4-Seam Fastball",-2.1,-2,"83",35.6,"17","0.214","0.643","0.412",30.6,23.5,25,"0.17","0.435","0.333",50
"Nardi, Andrew",677053,"MIA","ST","Sweeper",-3.5,-3,"93",44.1,"17","0.333","0.933","0.538",41.2,35.3,19.4,"0.305","0.85","0.506",55.6
"Hoffman, Jeff",656546,"TOR","FF","4-Seam Fastball",-2.2,-2,"84",33.5,"17","0.357","0.786","0.518",33.3,47.1,26.7,"0.163","0.469","0.34",33.3
"Junk, Janson",676083,"MIA","CH","Changeup",-0.4,0,"95",19.4,"17","0.294","0.353","0.338",43.6,23.5,16,"0.286","0.348","0.276",38.5
"Glasnow, Tyler",607192,"LAD","SL","Slider",2.9,3,"90",15.5,"17","0.118","0.176","0.126",41.3,35.3,25,"0.155","0.263","0.175",27.3
"Anderson, Grant",681982,"MIL","FF","4-Seam Fastball",2.3,2,"85",37.3,"17","0.071","0.143","0.197",22.7,23.5,11.8,"0.18","0.267","0.281",50
"Zeferjahn, Ryan",666171,"LAA","FF","4-Seam Fastball",0,0,"82",27.8,"17","0.167","0.25","0.291",29.6,41.2,25,"0.127","0.328","0.31",50
"Banks, Tanner",621383,"PHI","SL","Slider",0.2,0,"78",32.5,"17","0.357","0.357","0.388",26.3,29.4,27.8,"0.255","0.302","0.323",22.2
"Vásquez, Randy",681190,"SD","CU","Curveball",-0.9,-1,"79",14.6,"17","0.313","0.563","0.391",25,23.5,12.5,"0.306","0.498","0.365",41.7
"Moll, Sam",594580,"CIN","ST","Sweeper",2.6,2,"86",42,"17","0.067","0.067","0.135",37,29.4,33.3,"0.129","0.147","0.189",20
"Blubaugh, AJ",805123,"HOU","ST","Sweeper",0.5,0,"80",24,"17","0.286","0.357","0.315",39.5,23.5,14.3,"0.162","0.283","0.312",45.5
"Lugo, Seth",607625,"KC","FF","4-Seam Fastball",0.4,0,"96",17.3,"16","0.286","0.357","0.334",17.5,25,15.4,"0.297","0.534","0.397",30
"Kay, Anthony",641743,"CWS","CH","Changeup",0.1,0,"81",15.5,"16","0.125","0.313","0.181",26.5,12.5,7.4,"0.31","0.498","0.346",50
"Bednar, David",670280,"NYY","FF","4-Seam Fastball",-3.4,-3,"88",34.5,"16","0.583","0.917","0.656",11.6,12.5,6.5,"0.292","0.401","0.4",50
"Whitlock, Garrett",676477,"BOS","SI","Sinker",0,0,"98",50.8,"16","0.214","0.429","0.325",14.5,6.3,4,"0.323","0.559","0.419",46.2
"Pérez, Eury",691587,"MIA","ST","Sweeper",1.5,1,"78",14.8,"16","0.188","0.313","0.213",34.2,37.5,28.6,"0.161","0.319","0.203",20
"Anderson, Shaun",641312,"LAA","CH","Changeup",-1.1,-1,"82",28.9,"16","0.25","0.813","0.431",26.3,12.5,12.5,"0.281","0.657","0.392",35.7
"Freeland, Kyle",607536,"COL","CU","Curveball",-0.2,0,"82",24.9,"16","0.286","0.286","0.333",32.5,25,18.2,"0.239","0.284","0.29",50
"Kochanowicz, Jack",686799,"LAA","SL","Slider",2,2,"90",16.4,"16","0.077","0.077","0.153",40.7,25,20,"0.307","0.566","0.401",40
"Headrick, Brent",687396,"NYY","SL","Slider",-0.4,0,"81",32.3,"15","0.231","0.385","0.262",57.9,40,27.3,"0.228","0.448","0.283",55.6
"Kay, Anthony",641743,"CWS","ST","Sweeper",0.4,0,"99",19,"15","0.231","0.308","0.297",22.2,20,7.5,"0.26","0.451","0.355",60
"Fairbanks, Pete",664126,"MIA","FF","4-Seam Fastball",0.2,0,"79",47,"15","0.333","0.533","0.373",24.3,26.7,22.2,"0.235","0.481","0.301",54.5
"Agnos, Zach",688642,"COL","FF","4-Seam Fastball",-1.7,-1,"80",25.9,"15","0.308","0.538","0.36",17.1,13.3,5.9,"0.33","0.575","0.382",33.3
"Pérez, Eury",691587,"MIA","SL","Slider",-2.2,-2,"86",16.3,"14","0.25","0.833","0.475",43.8,21.4,11.5,"0.34","0.895","0.542",66.7
"Bednar, David",670280,"NYY","CU","Curveball",0.6,1,"85",33.3,"14","0.308","0.308","0.257",31.3,14.3,10.5,"0.3","0.34","0.293",16.7
"Imai, Tatsuya",837227,"HOU","FF","4-Seam Fastball",-0.9,-1,"98",47.8,"14","0.3","0.3","0.393",25,28.6,14.8,"0.242","0.315","0.373",50
"Lorenzen, Michael",547179,"COL","CU","Curveball",0.1,0,"91",14.8,"14","0.286","0.357","0.282",26.7,7.1,6.7,"0.285","0.33","0.267",53.8
"Keller, Brad",641745,"PHI","FF","4-Seam Fastball",-3.3,-3,"79",38.5,"14","0.455","0.727","0.55",26.3,28.6,12.9,"0.283","0.415","0.386",71.4
"Erceg, Lucas",668674,"KC","FF","4-Seam Fastball",0.4,0,"79",34.5,"14","0.231","0.308","0.268",14.7,21.4,12.5,"0.414","0.629","0.469",60
"Abbott, Andrew",671096,"CIN","CU","Curveball",1.3,1,"84",13.9,"13","0.25","0.25","0.16",18.5,0,0,"0.287","0.446","0.354",16.7
"Suarez, Ranger",624133,"BOS","FF","4-Seam Fastball",2.8,2,"86",17.1,"13","0.091","0.091","0.177",14.3,30.8,18.2,"0.186","0.393","0.314",42.9
"Skenes, Paul",694973,"PIT","ST","Sweeper",0.1,0,"87",15.9,"13","0.167","0.417","0.277",24.2,38.5,21.7,"0.132","0.327","0.231",42.9
"Miller, Erik",669062,"SF","SL","Slider",3.8,3,"87",37,"12","0","0","0",50,66.7,25.8,"0.059","0.065","0.054",25
"Stanek, Ryne",592773,"STL","SL","Slider",-2,-2,"84",26.5,"8","0.5","0.625","0.494",51.4,12.5,3,"0.353","0.485","0.357",42.9