"year","last_name, first_name","name_abbrev","player_id","pitch_hand","pitch_comp","pitch_a","pitch_name_a","pitch_b","pitch_name_b","n_pitches","n_pitch_a","pitch_a_active_spin_formatted","pitch_a_hawkeye_measured_clock","pitch_a_hawkeye_measured_clock_label","pitch_a_movement_inferred_clock","pitch_a_movement_inferred_clock_label","pitch_a_diff_measured_inferred_minutes","n_pitch_b","pitch_b_active_spin_formatted","pitch_b_hawkeye_measured_clock","pitch_b_hawkeye_measured_clock_label","pitch_b_movement_inferred_clock","pitch_b_movement_inferred_clock_label","pitch_b_diff_measured_inferred_minutes","gap_diff_measured_inferred_minutes","diff_clock_label","diff_measured_hours","diff_inferred_hours"
2026,"Martin, Chris",,455119,"R","4-Seamer / Sinker","FF","4-Seamer","SI","Sinker",42,31,95,1,"1:00",1,"1:00",0,11,86,1,"1:00",2,"2:00",-60,-60," 0H 00M","0","-1"
2026,"Quintana, Jose",,500779,"L","4-Seamer / Sinker","FF","4-Seamer","SI","Sinker",165,99,80,11.25,"11:15",11.5,"11:30",-15,66,84,11,"11:00",10.25,"10:15",45,60,"+0H 15M","0.25","1.25"
2026,"Kelly, Merrill",,518876,"R","4-Seamer / Sinker","FF","4-Seamer","SI","Sinker",105,76,86,1.5,"1:30",1.25,"1:15",15,29,83,1.5,"1:30",2.5,"2:30",-60,-75," 0H 00M","0","-1.25"
2026,"Sale, Chris",,519242,"L","4-Seamer / Sinker","FF","4-Seamer","SI","Sinker",254,208,94,9.75,"9:45",10,"10:00",-15,46,92,9.75,"9:45",9,"9:00",45,60," 0H 00M","0","1"
2026,"Pérez, Martín",,527048,"L","4-Seamer / Sinker","FF","4-Seamer","SI","Sinker",163,24,96,10.5,"10:30",10.75,"10:45",-15,139,94,10.5,"10:30",9.75,"9:45",45,60," 0H 00M","0","1"
2026,"Armstrong, Shawn",,542888,"R","4-Seamer / Sinker","FF","4-Seamer","SI","Sinker",103,66,83,1,"1:00",12.75,"12:45",15,37,88,1.25,"1:15",2,"2:00",-45,-60,"-0H 15M","-0.25","-1.25"
2026,"Eovaldi, Nathan",,543135,"R","4-Seamer / Sinker","FF","4-Seamer","SI","Sinker",124,76,97,1.5,"1:30",1.5,"1:30",0,48,95,1.5,"1:30",2,"2:00",-30,-30," 0H 00M","0","-0.5"
2026,"Gray, Sonny",,543243,"R","4-Seamer / Sinker","FF","4-Seamer","SI","Sinker",135,71,61,12.75,"12:45",12.25,"12:15",30,64,62,1,"1:00",2,"2:00",-60,-90,"-0H 15M","-0.25","-1.75"
2026,"Lorenzen, Michael",,547179,"R","4-Seamer / Sinker","FF","4-Seamer","SI","Sinker",209,113,94,1.5,"1:30",1.25,"1:15",15,96,92,1.5,"1:30",2.25,"2:15",-45,-60," 0H 00M","0","-1"
2026,"Chapman, Aroldis",,547973,"L","4-Seamer / Sinker","FF","4-Seamer","SI","Sinker",90,44,89,11.5,"11:30",12,"12:00",-30,46,84,11.75,"11:45",11,"11:00",45,75,"-0H 15M","-0.25","1"
2026,"Wheeler, Zack",,554430,"R","4-Seamer / Sinker","FF","4-Seamer","SI","Sinker",49,35,87,1.5,"1:30",1.25,"1:15",15,14,87,1.5,"1:30",2.25,"2:15",-45,-60," 0H 00M","0","-1"
2026,"Corbin, Patrick",,571578,"L","4-Seamer / Sinker","FF","4-Seamer","SI","Sinker",122,16,89,10.75,"10:45",10.75,"10:45",0,106,85,10.75,"10:45",10.25,"10:15",30,30," 0H 00M","0","0.5"
2026,"Mikolas, Miles",,571945,"R","4-Seamer / Sinker","FF","4-Seamer","SI","Sinker",228,123,89,1.25,"1:15",1,"1:00",15,105,83,1.25,"1:15",2,"2:00",-45,-60," 0H 00M","0","-1"
2026,"Milner, Hoby",,571948,"L","4-Seamer / Sinker","FF","4-Seamer","SI","Sinker",116,26,94,9.5,"9:30",9.75,"9:45",-15,90,93,9.5,"9:30",8.75,"8:45",45,60," 0H 00M","0","1"
2026,"Stanek, Ryne",,592773,"R","4-Seamer / Sinker","FF","4-Seamer","SI","Sinker",192,163,100,1,"1:00",1,"1:00",0,29,91,1.25,"1:15",2,"2:00",-45,-45,"-0H 15M","-0.25","-1"
2026,"Taillon, Jameson",,592791,"R","4-Seamer / Sinker","FF","4-Seamer","SI","Sinker",192,142,90,12.75,"12:45",12.5,"12:30",15,50,89,12.75,"12:45",1.5,"1:30",-45,-60," 0H 00M","0","-1"
2026,"Walker, Taijuan",,592836,"R","4-Seamer / Sinker","FF","4-Seamer","SI","Sinker",133,40,97,1,"1:00",1,"1:00",0,93,96,1,"1:00",1.75,"1:45",-45,-45," 0H 00M","0","-0.75"
2026,"Rodriguez, Eduardo",,593958,"L","4-Seamer / Sinker","FF","4-Seamer","SI","Sinker",236,206,85,11.25,"11:15",11.25,"11:15",0,30,85,11.25,"11:15",10.5,"10:30",45,45," 0H 00M","0","0.75"
2026,"Peralta, Wandy",,593974,"L","4-Seamer / Sinker","FF","4-Seamer","SI","Sinker",91,17,98,10.25,"10:15",10.75,"10:45",-30,74,97,10.5,"10:30",10,"10:00",30,60,"-0H 15M","-0.25","0.75"
2026,"Moll, Sam",,594580,"L","4-Seamer / Sinker","FF","4-Seamer","SI","Sinker",82,17,69,9.5,"9:30",10.25,"10:15",-45,65,74,9.75,"9:45",8.5,"8:30",75,120,"-0H 15M","-0.25","1.75"
2026,"Treinen, Blake",,595014,"R","4-Seamer / Sinker","FF","4-Seamer","SI","Sinker",64,13,87,1.5,"1:30",1,"1:00",30,51,83,1.5,"1:30",2.5,"2:30",-60,-90," 0H 00M","0","-1.5"
2026,"Junis, Jakob",,596001,"R","4-Seamer / Sinker","FF","4-Seamer","SI","Sinker",67,30,73,1,"1:00",12.5,"12:30",30,37,71,1.25,"1:15",2.25,"2:15",-60,-90,"-0H 15M","-0.25","-1.75"
2026,"Barlow, Scott",,605130,"R","4-Seamer / Sinker","FF","4-Seamer","SI","Sinker",69,28,70,1.25,"1:15",12.75,"12:45",30,41,74,1.25,"1:15",2.25,"2:15",-60,-90," 0H 00M","0","-1.5"
2026,"Bassitt, Chris",,605135,"R","4-Seamer / Sinker","FF","4-Seamer","SI","Sinker",249,52,73,1.5,"1:30",1,"1:00",30,197,82,1.75,"1:45",2.5,"2:30",-45,-75,"-0H 15M","-0.25","-1.5"
2026,"Houser, Adrian",,605288,"R","4-Seamer / Sinker","FF","4-Seamer","SI","Sinker",264,59,90,1.25,"1:15",1,"1:00",15,205,88,1.25,"1:15",2.25,"2:15",-60,-75," 0H 00M","0","-1.25"
2026,"Nola, Aaron",,605400,"R","4-Seamer / Sinker","FF","4-Seamer","SI","Sinker",264,156,95,1.5,"1:30",1.5,"1:30",0,108,92,1.5,"1:30",2.25,"2:15",-45,-45," 0H 00M","0","-0.75"
2026,"Ross, Joe",,605452,"R","4-Seamer / Sinker","FF","4-Seamer","SI","Sinker",47,13,92,1.25,"1:15",1.25,"1:15",0,34,87,1.25,"1:15",2,"2:00",-45,-45," 0H 00M","0","-0.75"
2026,"Woodruff, Brandon",,605540,"R","4-Seamer / Sinker","FF","4-Seamer","SI","Sinker",253,176,86,12.75,"12:45",12.5,"12:30",15,77,87,12.75,"12:45",1.5,"1:30",-45,-60," 0H 00M","0","-1"
2026,"Payamps, Joel",,606303,"R","4-Seamer / Sinker","FF","4-Seamer","SI","Sinker",75,61,70,1,"1:00",12.5,"12:30",30,14,67,1,"1:00",2,"2:00",-60,-90," 0H 00M","0","-1.5"
2026,"Hart, Kyle",,606996,"L","4-Seamer / Sinker","FF","4-Seamer","SI","Sinker",70,14,88,10.75,"10:45",11,"11:00",-15,56,86,10.5,"10:30",9.75,"9:45",45,60,"+0H 15M","0.25","1.25"
2026,"Rea, Colin",,607067,"R","4-Seamer / Sinker","FF","4-Seamer","SI","Sinker",215,177,86,1.25,"1:15",1,"1:00",15,38,79,1,"1:00",2,"2:00",-60,-75,"+0H 15M","0.25","-1"
2026,"Glasnow, Tyler",,607192,"R","4-Seamer / Sinker","FF","4-Seamer","SI","Sinker",311,170,76,12.25,"12:15",12,"12:00",15,141,74,12.25,"12:15",1.25,"1:15",-60,-75," 0H 00M","0","-1.25"
2026,"Martinez, Nick",,607259,"R","4-Seamer / Sinker","FF","4-Seamer","SI","Sinker",217,53,90,12.75,"12:45",12.75,"12:45",0,164,86,12.75,"12:45",1.75,"1:45",-60,-60," 0H 00M","0","-1"
2026,"Banda, Anthony",,607455,"L","4-Seamer / Sinker","FF","4-Seamer","SI","Sinker",126,79,97,10.5,"10:30",10.75,"10:45",-15,47,96,10.25,"10:15",9.75,"9:45",30,45,"+0H 15M","0.25","1"
2026,"Bummer, Aaron",,607481,"L","4-Seamer / Sinker","FF","4-Seamer","SI","Sinker",86,16,76,10.25,"10:15",10.5,"10:30",-15,70,79,10,"10:00",8.75,"8:45",75,90,"+0H 15M","0.25","1.75"
2026,"Lugo, Seth",,607625,"R","4-Seamer / Sinker","FF","4-Seamer","SI","Sinker",211,96,89,1.25,"1:15",1,"1:00",15,115,88,1.5,"1:30",2.25,"2:15",-45,-60,"-0H 15M","-0.25","-1.25"
2026,"Fried, Max",,608331,"L","4-Seamer / Sinker","FF","4-Seamer","SI","Sinker",261,121,91,11.25,"11:15",11.5,"11:30",-15,140,70,11,"11:00",9.5,"9:30",90,105,"+0H 15M","0.25","2"
2026,"Sugano, Tomoyuki",,608372,"R","4-Seamer / Sinker","FF","4-Seamer","SI","Sinker",190,132,87,1,"1:00",12.75,"12:45",15,58,87,1,"1:00",1.75,"1:45",-45,-60," 0H 00M","0","-1"
2026,"Wacha, Michael",,608379,"R","4-Seamer / Sinker","FF","4-Seamer","SI","Sinker",236,153,98,12.75,"12:45",12.5,"12:30",15,83,97,12.75,"12:45",1.25,"1:15",-30,-45," 0H 00M","0","-0.75"
2026,"Márquez, Germán",,608566,"R","4-Seamer / Sinker","FF","4-Seamer","SI","Sinker",139,105,99,1.5,"1:30",1.5,"1:30",0,34,95,1.5,"1:30",1.75,"1:45",-15,-15," 0H 00M","0","-0.25"
2026,"Suter, Brent",,608718,"L","4-Seamer / Sinker","FF","4-Seamer","SI","Sinker",167,92,78,11.75,"11:45",12.25,"12:15",-30,75,88,11.25,"11:15",10.5,"10:30",45,75,"+0H 30M","0.5","1.75"
2026,"Quantrill, Cal",,615698,"R","4-Seamer / Sinker","FF","4-Seamer","SI","Sinker",73,38,98,1.25,"1:15",1,"1:00",15,35,97,1.5,"1:30",1.75,"1:45",-15,-30,"-0H 15M","-0.25","-0.75"
2026,"Buehler, Walker",,621111,"R","4-Seamer / Sinker","FF","4-Seamer","SI","Sinker",129,71,92,12.75,"12:45",12.5,"12:30",15,58,90,1,"1:00",1.75,"1:45",-45,-60,"-0H 15M","-0.25","-1.25"
2026,"McCullers Jr., Lance",,621121,"R","4-Seamer / Sinker","FF","4-Seamer","SI","Sinker",159,19,78,1.5,"1:30",1,"1:00",30,140,81,1.5,"1:30",2.5,"2:30",-60,-90," 0H 00M","0","-1.5"
2026,"Strahm, Matt",,621381,"L","4-Seamer / Sinker","FF","4-Seamer","SI","Sinker",101,76,98,10.5,"10:30",10.5,"10:30",0,25,98,10.5,"10:30",10,"10:00",30,30," 0H 00M","0","0.5"
2026,"Banks, Tanner",,621383,"L","4-Seamer / Sinker","FF","4-Seamer","SI","Sinker",91,51,82,11,"11:00",11.5,"11:30",-30,40,83,11,"11:00",10,"10:00",60,90," 0H 00M","0","1.5"
2026,"Castillo, Luis",,622491,"R","4-Seamer / Sinker","FF","4-Seamer","SI","Sinker",331,222,87,1.75,"1:45",1.5,"1:30",15,109,91,1.75,"1:45",2.5,"2:30",-45,-60," 0H 00M","0","-1"
2026,"Domínguez, Seranthony",,622554,"R","4-Seamer / Sinker","FF","4-Seamer","SI","Sinker",136,90,81,1.25,"1:15",12.75,"12:45",30,46,83,1.25,"1:15",2,"2:00",-45,-75," 0H 00M","0","-1.25"
2026,"Senzatela, Antonio",,622608,"R","4-Seamer / Sinker","FF","4-Seamer","SI","Sinker",124,96,85,1.25,"1:15",12.75,"12:45",30,28,85,1.25,"1:15",2.25,"2:15",-60,-90," 0H 00M","0","-1.5"
2026,"Severino, Luis",,622663,"R","4-Seamer / Sinker","FF","4-Seamer","SI","Sinker",283,136,92,1,"1:00",12.75,"12:45",15,147,92,1,"1:00",1.75,"1:45",-45,-60," 0H 00M","0","-1"
2026,"Brazobán, Huascar",,623211,"R","4-Seamer / Sinker","FF","4-Seamer","SI","Sinker",105,14,95,1.5,"1:30",1.25,"1:15",15,91,90,1.5,"1:30",2.25,"2:15",-45,-60," 0H 00M","0","-1"
2026,"Herget, Jimmy",,623474,"R","4-Seamer / Sinker","FF","4-Seamer","SI","Sinker",68,22,82,2,"2:00",1.75,"1:45",15,46,83,2.25,"2:15",3.25,"3:15",-60,-75,"-0H 15M","-0.25","-1.5"
2026,"Suarez, Ranger",,624133,"L","4-Seamer / Sinker","FF","4-Seamer","SI","Sinker",223,86,78,10.75,"10:45",11.25,"11:15",-30,137,71,11,"11:00",9.5,"9:30",90,120,"-0H 15M","-0.25","1.75"
2026,"Iglesias, Raisel",,628452,"R","4-Seamer / Sinker","FF","4-Seamer","SI","Sinker",79,66,85,1.5,"1:30",1,"1:00",30,13,88,1.25,"1:15",2.25,"2:15",-60,-90,"+0H 15M","0.25","-1.25"
2026,"Manaea, Sean",,640455,"L","4-Seamer / Sinker","FF","4-Seamer","SI","Sinker",229,176,96,10,"10:00",10.25,"10:15",-15,53,95,10,"10:00",9.25,"9:15",45,60," 0H 00M","0","1"
2026,"Alexander, Tyler",,641302,"L","4-Seamer / Sinker","FF","4-Seamer","SI","Sinker",80,17,91,10.75,"10:45",10.75,"10:45",0,63,94,10.5,"10:30",9.75,"9:45",45,45,"+0H 15M","0.25","1"
2026,"Anderson, Shaun",,641312,"R","4-Seamer / Sinker","FF","4-Seamer","SI","Sinker",95,74,69,12.25,"12:15",12.25,"12:15",0,21,74,12.5,"12:30",1.25,"1:15",-45,-45,"-0H 15M","-0.25","-1"
2026,"Kay, Anthony",,641743,"L","4-Seamer / Sinker","FF","4-Seamer","SI","Sinker",234,165,82,10.75,"10:45",11,"11:00",-15,69,77,10.5,"10:30",9.5,"9:30",60,75,"+0H 15M","0.25","1.5"
2026,"Keller, Brad",,641745,"R","4-Seamer / Sinker","FF","4-Seamer","SI","Sinker",108,79,77,12.5,"12:30",12,"12:00",30,29,75,12.5,"12:30",1.75,"1:45",-75,-105," 0H 00M","0","-1.75"
2026,"Littell, Zack",,641793,"R","4-Seamer / Sinker","FF","4-Seamer","SI","Sinker",191,110,93,1,"1:00",12.75,"12:45",15,81,95,1.25,"1:15",2,"2:00",-45,-60,"-0H 15M","-0.25","-1.25"
2026,"Mahle, Tyler",,641816,"R","4-Seamer / Sinker","FF","4-Seamer","SI","Sinker",269,252,100,1.25,"1:15",1.25,"1:15",0,17,99,1.25,"1:15",1.5,"1:30",-15,-15," 0H 00M","0","-0.25"
2026,"Ober, Bailey",,641927,"R","4-Seamer / Sinker","FF","4-Seamer","SI","Sinker",213,191,86,1,"1:00",1,"1:00",0,22,90,1.25,"1:15",2,"2:00",-45,-45,"-0H 15M","-0.25","-1"
2026,"Speier, Gabe",,642100,"L","4-Seamer / Sinker","FF","4-Seamer","SI","Sinker",135,67,90,10.5,"10:30",11,"11:00",-30,68,92,10.5,"10:30",9.75,"9:45",45,75," 0H 00M","0","1.25"
2026,"Yarbrough, Ryan",,642232,"L","4-Seamer / Sinker","FF","4-Seamer","SI","Sinker",60,42,99,10,"10:00",10.25,"10:15",-15,18,99,10,"10:00",9.75,"9:45",15,30," 0H 00M","0","0.5"
2026,"Soto, Gregory",,642397,"L","4-Seamer / Sinker","FF","4-Seamer","SI","Sinker",133,37,88,10.75,"10:45",10.75,"10:45",0,96,88,10.5,"10:30",9.75,"9:45",45,45,"+0H 15M","0.25","1"
2026,"Loáisiga, Jonathan",,642528,"R","4-Seamer / Sinker","FF","4-Seamer","SI","Sinker",100,34,91,1.5,"1:30",1.25,"1:15",15,66,89,1.5,"1:30",2.25,"2:15",-45,-60," 0H 00M","0","-1"
2026,"Santana, Dennis",,642701,"R","4-Seamer / Sinker","FF","4-Seamer","SI","Sinker",92,75,91,1.5,"1:30",1.25,"1:15",15,17,90,1.5,"1:30",2.25,"2:15",-45,-60," 0H 00M","0","-1"
2026,"Jax, Griffin",,643377,"R","4-Seamer / Sinker","FF","4-Seamer","SI","Sinker",86,46,86,1,"1:00",12.75,"12:45",15,40,84,1,"1:00",2,"2:00",-60,-75," 0H 00M","0","-1.25"
2026,"Leiter Jr., Mark",,643410,"R","4-Seamer / Sinker","FF","4-Seamer","SI","Sinker",100,43,97,1,"1:00",12.75,"12:45",15,57,92,1.25,"1:15",2,"2:00",-45,-60,"-0H 15M","-0.25","-1.25"
2026,"Alcantara, Sandy",,645261,"R","4-Seamer / Sinker","FF","4-Seamer","SI","Sinker",299,150,96,1.75,"1:45",1.75,"1:45",0,149,96,1.75,"1:45",2.25,"2:15",-30,-30," 0H 00M","0","-0.5"
2026,"De Jesus, Enmanuel",,646241,"L","4-Seamer / Sinker","FF","4-Seamer","SI","Sinker",82,55,93,10.75,"10:45",11,"11:00",-15,27,91,11,"11:00",10.25,"10:15",45,60,"-0H 15M","-0.25","0.75"
2026,"Soroka, Michael",,647336,"R","4-Seamer / Sinker","FF","4-Seamer","SI","Sinker",252,204,82,1.5,"1:30",1,"1:00",30,48,81,1.5,"1:30",2.5,"2:30",-60,-90," 0H 00M","0","-1.5"
2026,"King, Michael",,650633,"R","4-Seamer / Sinker","FF","4-Seamer","SI","Sinker",206,74,82,1.25,"1:15",1,"1:00",15,132,73,1.5,"1:30",2.75,"2:45",-75,-90,"-0H 15M","-0.25","-1.75"
2026,"Civale, Aaron",,650644,"R","4-Seamer / Sinker","FF","4-Seamer","SI","Sinker",170,66,95,1,"1:00",12.75,"12:45",15,104,92,1,"1:00",1.75,"1:45",-45,-60," 0H 00M","0","-1"
2026,"Barnes, Charlie",,656212,"L","4-Seamer / Sinker","FF","4-Seamer","SI","Sinker",41,25,91,10.25,"10:15",10.75,"10:45",-30,16,87,10.25,"10:15",9.25,"9:15",60,90," 0H 00M","0","1.5"
2026,"Burke, Brock",,656271,"L","4-Seamer / Sinker","FF","4-Seamer","SI","Sinker",113,82,92,10.75,"10:45",11,"11:00",-15,31,91,11,"11:00",10.25,"10:15",45,60,"-0H 15M","-0.25","0.75"
2026,"Cease, Dylan",,656302,"R","4-Seamer / Sinker","FF","4-Seamer","SI","Sinker",261,216,91,12.5,"12:30",12.5,"12:30",0,45,85,12.5,"12:30",1.5,"1:30",-60,-60," 0H 00M","0","-1"
2026,"Flaherty, Jack",,656427,"R","4-Seamer / Sinker","FF","4-Seamer","SI","Sinker",258,227,86,1,"1:00",12.75,"12:45",15,31,75,12.75,"12:45",2,"2:00",-75,-90,"+0H 15M","0.25","-1.25"
2026,"Griffin, Foster",,656492,"L","4-Seamer / Sinker","FF","4-Seamer","SI","Sinker",147,86,92,11,"11:00",11.5,"11:30",-30,61,86,11,"11:00",10,"10:00",60,90," 0H 00M","0","1.5"
2026,"Hoffman, Jeff",,656546,"R","4-Seamer / Sinker","FF","4-Seamer","SI","Sinker",99,81,98,1.5,"1:30",1.5,"1:30",0,18,98,1.5,"1:30",2,"2:00",-30,-30," 0H 00M","0","-0.5"
2026,"Holmes, Grant",,656550,"R","4-Seamer / Sinker","FF","4-Seamer","SI","Sinker",213,183,81,1,"1:00",12.75,"12:45",15,30,72,1.25,"1:15",2.25,"2:15",-60,-75,"-0H 15M","-0.25","-1.5"
2026,"Keller, Mitch",,656605,"R","4-Seamer / Sinker","FF","4-Seamer","SI","Sinker",266,175,86,1.25,"1:15",1,"1:00",15,91,80,1.25,"1:15",2.25,"2:15",-60,-75," 0H 00M","0","-1.25"
2026,"Lange, Alex",,656638,"R","4-Seamer / Sinker","FF","4-Seamer","SI","Sinker",102,41,89,1.5,"1:30",1.25,"1:15",15,61,87,1.5,"1:30",2.25,"2:15",-45,-60," 0H 00M","0","-1"
2026,"Newcomb, Sean",,656794,"L","4-Seamer / Sinker","FF","4-Seamer","SI","Sinker",165,65,92,10.5,"10:30",10.75,"10:45",-15,100,83,10.5,"10:30",9.25,"9:15",75,90," 0H 00M","0","1.5"
2026,"Peterson, David",,656849,"L","4-Seamer / Sinker","FF","4-Seamer","SI","Sinker",258,104,66,11,"11:00",11.5,"11:30",-30,154,72,11,"11:00",10,"10:00",60,90," 0H 00M","0","1.5"
2026,"Rasmussen, Drew",,656876,"R","4-Seamer / Sinker","FF","4-Seamer","SI","Sinker",228,137,88,12.75,"12:45",12.5,"12:30",15,91,87,1,"1:00",1.75,"1:45",-45,-60,"-0H 15M","-0.25","-1.25"
2026,"Thompson, Ryan",,657044,"R","4-Seamer / Sinker","FF","4-Seamer","SI","Sinker",97,13,75,2.75,"2:45",2.25,"2:15",30,84,75,3,"3:00",4.25,"4:15",-75,-105,"-0H 15M","-0.25","-2"
2026,"Webb, Logan",,657277,"R","4-Seamer / Sinker","FF","4-Seamer","SI","Sinker",288,64,78,2,"2:00",1.5,"1:30",30,224,76,2,"2:00",3,"3:00",-60,-90," 0H 00M","0","-1.5"
2026,"Bernardino, Brennan",,657514,"L","4-Seamer / Sinker","FF","4-Seamer","SI","Sinker",107,31,75,10.25,"10:15",10.5,"10:30",-15,76,71,10.25,"10:15",9.5,"9:30",45,60," 0H 00M","0","1"
2026,"Hill, Tim",,657612,"L","4-Seamer / Sinker","FF","4-Seamer","SI","Sinker",126,12,97,9,"9:00",9,"9:00",0,114,93,8.75,"8:45",8,"8:00",45,45,"+0H 15M","0.25","1"
2026,"Ryan, Joe",,657746,"R","4-Seamer / Sinker","FF","4-Seamer","SI","Sinker",340,262,95,1.5,"1:30",1.5,"1:30",0,78,95,1.75,"1:45",2.25,"2:15",-30,-30,"-0H 15M","-0.25","-0.75"
2026,"Ohtani, Shohei",,660271,"R","4-Seamer / Sinker","FF","4-Seamer","SI","Sinker",232,212,75,1,"1:00",12.75,"12:45",15,20,72,1.25,"1:15",2.25,"2:15",-60,-75,"-0H 15M","-0.25","-1.5"
2026,"Suarez, José",,660761,"L","4-Seamer / Sinker","FF","4-Seamer","SI","Sinker",158,131,89,10.75,"10:45",11.25,"11:15",-30,27,86,10.75,"10:45",10.25,"10:15",30,60," 0H 00M","0","1"
2026,"Duran, Jhoan",,661395,"R","4-Seamer / Sinker","FF","4-Seamer","SI","Sinker",69,19,99,1.5,"1:30",1.75,"1:45",-15,50,93,1.75,"1:45",2.5,"2:30",-45,-30,"-0H 15M","-0.25","-0.75"
2026,"Gil, Luis",,661563,"R","4-Seamer / Sinker","FF","4-Seamer","SI","Sinker",197,152,80,12.75,"12:45",12.25,"12:15",30,45,74,12.75,"12:45",2,"2:00",-75,-105," 0H 00M","0","-1.75"
2026,"Muñoz, Andrés",,662253,"R","4-Seamer / Sinker","FF","4-Seamer","SI","Sinker",91,66,84,1.5,"1:30",1.25,"1:15",15,25,84,1.5,"1:30",2.25,"2:15",-45,-60," 0H 00M","0","-1"
2026,"Suarez, Robert",,663158,"R","4-Seamer / Sinker","FF","4-Seamer","SI","Sinker",110,99,91,12.75,"12:45",12.5,"12:30",15,11,95,12.75,"12:45",1.25,"1:15",-30,-45," 0H 00M","0","-0.75"
2026,"Waldron, Matt",,663362,"R","4-Seamer / Sinker","FF","4-Seamer","SI","Sinker",69,41,88,1.25,"1:15",1,"1:00",15,28,84,1.25,"1:15",2.25,"2:15",-60,-75," 0H 00M","0","-1.25"
2026,"Feltner, Ryan",,663372,"R","4-Seamer / Sinker","FF","4-Seamer","SI","Sinker",128,76,77,12.75,"12:45",12.5,"12:30",15,52,68,1,"1:00",2,"2:00",-60,-75,"-0H 15M","-0.25","-1.5"
2026,"Martin, Davis",,663436,"R","4-Seamer / Sinker","FF","4-Seamer","SI","Sinker",224,139,81,1,"1:00",12.75,"12:45",15,85,75,1,"1:00",2,"2:00",-60,-75," 0H 00M","0","-1.25"
2026,"Bubic, Kris",,663460,"L","4-Seamer / Sinker","FF","4-Seamer","SI","Sinker",286,228,79,11.25,"11:15",11.75,"11:45",-30,58,79,11,"11:00",10,"10:00",60,90,"+0H 15M","0.25","1.75"
2026,"Allard, Kolby",,663465,"L","4-Seamer / Sinker","FF","4-Seamer","SI","Sinker",80,60,89,11,"11:00",11.5,"11:30",-30,20,92,11,"11:00",10.25,"10:15",45,75," 0H 00M","0","1.25"
2026,"Sands, Cole",,663485,"R","4-Seamer / Sinker","FF","4-Seamer","SI","Sinker",85,71,87,1.5,"1:30",1.25,"1:15",15,14,82,1.5,"1:30",2.5,"2:30",-60,-75," 0H 00M","0","-1.25"
2026,"Hudson, Bryan",,663542,"L","4-Seamer / Sinker","FF","4-Seamer","SI","Sinker",191,150,83,10.25,"10:15",10.75,"10:45",-30,41,79,10.25,"10:15",9.25,"9:15",60,90," 0H 00M","0","1.5"
2026,"Mize, Casey",,663554,"R","4-Seamer / Sinker","FF","4-Seamer","SI","Sinker",205,156,99,1,"1:00",1,"1:00",0,49,98,1.25,"1:15",1.5,"1:30",-15,-15,"-0H 15M","-0.25","-0.5"
2026,"Irvin, Jake",,663623,"R","4-Seamer / Sinker","FF","4-Seamer","SI","Sinker",272,154,83,1.25,"1:15",1,"1:00",15,118,78,1.25,"1:15",2.25,"2:15",-60,-75," 0H 00M","0","-1.25"
2026,"Lynch IV, Daniel",,663738,"L","4-Seamer / Sinker","FF","4-Seamer","SI","Sinker",68,27,91,10.75,"10:45",11,"11:00",-15,41,89,10.75,"10:45",10,"10:00",45,60," 0H 00M","0","1"
2026,"Shugart, Chase",,663767,"R","4-Seamer / Sinker","FF","4-Seamer","SI","Sinker",54,17,95,1.25,"1:15",1,"1:00",15,37,94,1.25,"1:15",2,"2:00",-45,-60," 0H 00M","0","-1"
2026,"Singer, Brady",,663903,"R","4-Seamer / Sinker","FF","4-Seamer","SI","Sinker",267,21,74,1,"1:00",1,"1:00",0,246,80,1.25,"1:15",2,"2:00",-45,-45,"-0H 15M","-0.25","-1"
2026,"Holton, Tyler",,663947,"L","4-Seamer / Sinker","FF","4-Seamer","SI","Sinker",66,31,80,10.75,"10:45",11.25,"11:15",-30,35,84,10.75,"10:45",9.75,"9:45",60,90," 0H 00M","0","1.5"
2026,"Phillips, Tyler",,663969,"R","4-Seamer / Sinker","FF","4-Seamer","SI","Sinker",114,24,86,1,"1:00",1,"1:00",0,90,90,1.25,"1:15",2.25,"2:15",-60,-60,"-0H 15M","-0.25","-1.25"
2026,"Paddack, Chris",,663978,"R","4-Seamer / Sinker","FF","4-Seamer","SI","Sinker",205,160,100,12.75,"12:45",12.75,"12:45",0,45,97,1,"1:00",1.5,"1:30",-30,-30,"-0H 15M","-0.25","-0.75"
2026,"Lovelady, Richard",,663992,"L","4-Seamer / Sinker","FF","4-Seamer","SI","Sinker",102,39,62,10.75,"10:45",11.25,"11:15",-30,63,65,10.5,"10:30",9.5,"9:30",60,90,"+0H 15M","0.25","1.75"
2026,"Brubaker, JT",,664141,"R","4-Seamer / Sinker","FF","4-Seamer","SI","Sinker",127,11,87,1.25,"1:15",1,"1:00",15,116,89,1.5,"1:30",2,"2:00",-30,-45,"-0H 15M","-0.25","-1"
2026,"Lucchesi, Joey",,664192,"L","4-Seamer / Sinker","FF","4-Seamer","SI","Sinker",71,16,84,10.75,"10:45",11,"11:00",-15,55,88,10.75,"10:45",10,"10:00",45,60," 0H 00M","0","1"
2026,"Clarke, Taylor",,664199,"R","4-Seamer / Sinker","FF","4-Seamer","SI","Sinker",57,21,84,1,"1:00",12.75,"12:45",15,36,87,1,"1:00",2,"2:00",-60,-75," 0H 00M","0","-1.25"
2026,"Javier, Cristian",,664299,"R","4-Seamer / Sinker","FF","4-Seamer","SI","Sinker",96,84,93,12.75,"12:45",12.75,"12:45",0,12,98,1,"1:00",1.25,"1:15",-15,-15,"-0H 15M","-0.25","-0.5"
2026,"Urquidy, José",,664353,"R","4-Seamer / Sinker","FF","4-Seamer","SI","Sinker",58,32,99,1,"1:00",1,"1:00",0,26,99,1.25,"1:15",1.5,"1:30",-15,-15,"-0H 15M","-0.25","-0.5"
2026,"Lawrence, Justin",,664875,"R","4-Seamer / Sinker","FF","4-Seamer","SI","Sinker",130,39,80,2,"2:00",1.75,"1:45",15,91,78,2.25,"2:15",3,"3:00",-45,-60,"-0H 15M","-0.25","-1.25"
2026,"Wolfram, Grant",,664991,"L","4-Seamer / Sinker","FF","4-Seamer","SI","Sinker",105,25,79,11,"11:00",11,"11:00",0,80,85,10.75,"10:45",10.25,"10:15",30,30,"+0H 15M","0.25","0.75"
2026,"Kremer, Dean",,665152,"R","4-Seamer / Sinker","FF","4-Seamer","SI","Sinker",60,40,97,12.75,"12:45",12.75,"12:45",0,20,94,1.25,"1:15",1.75,"1:45",-30,-30,"-0H 30M","-0.5","-1"
2026,"Medina, Luis",,665622,"R","4-Seamer / Sinker","FF","4-Seamer","SI","Sinker",151,78,86,1.25,"1:15",1,"1:00",15,73,88,1,"1:00",1.75,"1:45",-45,-60,"+0H 15M","0.25","-0.75"
2026,"Alvarado, Elvis",,665660,"R","4-Seamer / Sinker","FF","4-Seamer","SI","Sinker",148,110,96,1.5,"1:30",1.5,"1:30",0,38,97,1.75,"1:45",2.25,"2:15",-30,-30,"-0H 15M","-0.25","-0.75"
2026,"Cabrera, Edward",,665795,"R","4-Seamer / Sinker","FF","4-Seamer","SI","Sinker",194,82,96,1.5,"1:30",1.5,"1:30",0,112,93,1.5,"1:30",2.25,"2:15",-45,-45," 0H 00M","0","-0.75"
2026,"Assad, Javier",,665871,"R","4-Seamer / Sinker","FF","4-Seamer","SI","Sinker",166,33,88,1,"1:00",12.5,"12:30",30,133,86,12.75,"12:45",1.75,"1:45",-60,-90,"+0H 15M","0.25","-1.25"
2026,"Zeferjahn, Ryan",,666171,"R","4-Seamer / Sinker","FF","4-Seamer","SI","Sinker",139,82,87,12.75,"12:45",12.5,"12:30",15,57,82,1,"1:00",2,"2:00",-60,-75,"-0H 15M","-0.25","-1.5"
2026,"Luzardo, Jesús",,666200,"L","4-Seamer / Sinker","FF","4-Seamer","SI","Sinker",237,144,92,10.25,"10:15",10.5,"10:30",-15,93,92,10.25,"10:15",9.5,"9:30",45,60," 0H 00M","0","1"
2026,"Soriano, George",,666277,"R","4-Seamer / Sinker","FF","4-Seamer","SI","Sinker",87,55,87,1.25,"1:15",1.25,"1:15",0,32,82,1.25,"1:15",2.25,"2:15",-60,-60," 0H 00M","0","-1"
2026,"Brash, Matt",,666374,"R","4-Seamer / Sinker","FF","4-Seamer","SI","Sinker",43,13,90,1.5,"1:30",1.25,"1:15",15,30,90,1.5,"1:30",2.25,"2:15",-45,-60," 0H 00M","0","-1"
2026,"Morillo, Juan",,666661,"R","4-Seamer / Sinker","FF","4-Seamer","SI","Sinker",127,110,92,1,"1:00",12.75,"12:45",15,17,90,12.75,"12:45",1.75,"1:45",-60,-75,"+0H 15M","0.25","-1"
2026,"Soriano, José",,667755,"R","4-Seamer / Sinker","FF","4-Seamer","SI","Sinker",298,145,84,1.75,"1:45",1.25,"1:15",30,153,85,1.75,"1:45",2.75,"2:45",-60,-90," 0H 00M","0","-1.5"
2026,"Winn, Cole",,668390,"R","4-Seamer / Sinker","FF","4-Seamer","SI","Sinker",90,79,91,1,"1:00",12.75,"12:45",15,11,85,1,"1:00",2,"2:00",-60,-75," 0H 00M","0","-1.25"
2026,"Erceg, Lucas",,668674,"R","4-Seamer / Sinker","FF","4-Seamer","SI","Sinker",127,78,99,1.25,"1:15",1.25,"1:15",0,49,98,1.5,"1:30",1.75,"1:45",-15,-15,"-0H 15M","-0.25","-0.5"
2026,"Gallen, Zac",,668678,"R","4-Seamer / Sinker","FF","4-Seamer","SI","Sinker",179,161,84,12.75,"12:45",12.5,"12:30",15,18,83,12.5,"12:30",1.25,"1:15",-45,-60,"+0H 15M","0.25","-0.75"
2026,"Kilian, Caleb",,668873,"R","4-Seamer / Sinker","FF","4-Seamer","SI","Sinker",113,96,82,12.75,"12:45",12.25,"12:15",30,17,83,12.75,"12:45",1.75,"1:45",-60,-90," 0H 00M","0","-1.5"
2026,"Williams, Gavin",,668909,"R","4-Seamer / Sinker","FF","4-Seamer","SI","Sinker",266,183,95,1.5,"1:30",1.25,"1:15",15,83,98,1.75,"1:45",2.25,"2:15",-30,-45,"-0H 15M","-0.25","-1"
2026,"Legumina, Casey",,668984,"R","4-Seamer / Sinker","FF","4-Seamer","SI","Sinker",134,88,91,1.5,"1:30",1.5,"1:30",0,46,93,1.5,"1:30",2.25,"2:15",-45,-45," 0H 00M","0","-0.75"
2026,"Gore, MacKenzie",,669022,"L","4-Seamer / Sinker","FF","4-Seamer","SI","Sinker",267,236,91,11,"11:00",11.25,"11:15",-15,31,95,11,"11:00",10.5,"10:30",30,45," 0H 00M","0","0.75"
2026,"Miller, Erik",,669062,"L","4-Seamer / Sinker","FF","4-Seamer","SI","Sinker",126,22,92,10.5,"10:30",10.75,"10:45",-15,104,93,10.5,"10:30",9.75,"9:45",45,60," 0H 00M","0","1"
2026,"Hall, DL",,669084,"L","4-Seamer / Sinker","FF","4-Seamer","SI","Sinker",118,18,88,10.75,"10:45",11.25,"11:15",-30,100,88,10.75,"10:45",10,"10:00",45,75," 0H 00M","0","1.25"
2026,"May, Dustin",,669160,"R","4-Seamer / Sinker","FF","4-Seamer","SI","Sinker",234,136,94,1.5,"1:30",1.25,"1:15",15,98,91,1.75,"1:45",2.5,"2:30",-45,-60,"-0H 15M","-0.25","-1.25"
2026,"Baz, Shane",,669358,"R","4-Seamer / Sinker","FF","4-Seamer","SI","Sinker",211,191,95,1,"1:00",1,"1:00",0,20,95,1.25,"1:15",1.75,"1:45",-30,-30,"-0H 15M","-0.25","-0.75"
2026,"Ginn, J.T.",,669372,"R","4-Seamer / Sinker","FF","4-Seamer","SI","Sinker",182,54,75,1.25,"1:15",12.75,"12:45",30,128,74,1.25,"1:15",2.75,"2:45",-90,-120," 0H 00M","0","-2"
2026,"Skubal, Tarik",,669373,"L","4-Seamer / Sinker","FF","4-Seamer","SI","Sinker",355,244,89,11.25,"11:15",11.5,"11:30",-15,111,82,11,"11:00",10.25,"10:15",45,60,"+0H 15M","0.25","1.25"
2026,"Mlodzinski, Carmen",,669387,"R","4-Seamer / Sinker","FF","4-Seamer","SI","Sinker",235,142,94,1.5,"1:30",1.5,"1:30",0,93,92,1.75,"1:45",2.5,"2:30",-45,-45,"-0H 15M","-0.25","-1"
2026,"Rogers, Trevor",,669432,"L","4-Seamer / Sinker","FF","4-Seamer","SI","Sinker",268,222,86,10.5,"10:30",10.75,"10:45",-15,46,87,10.5,"10:30",9.75,"9:45",45,60," 0H 00M","0","1"
2026,"Englert, Mason",,669438,"R","4-Seamer / Sinker","FF","4-Seamer","SI","Sinker",81,35,96,1.25,"1:15",1,"1:00",15,46,93,1.25,"1:15",1.75,"1:45",-30,-45," 0H 00M","0","-0.75"
2026,"Liberatore, Matthew",,669461,"L","4-Seamer / Sinker","FF","4-Seamer","SI","Sinker",221,177,96,11.25,"11:15",11.25,"11:15",0,44,94,11,"11:00",10.5,"10:30",30,30,"+0H 15M","0.25","0.75"
2026,"Pallante, Andre",,669467,"R","4-Seamer / Sinker","FF","4-Seamer","SI","Sinker",264,162,81,12.25,"12:15",12.25,"12:15",0,102,86,12.5,"12:30",1.25,"1:15",-45,-45,"-0H 15M","-0.25","-1"
2026,"Murphy, Chris",,669684,"L","4-Seamer / Sinker","FF","4-Seamer","SI","Sinker",41,24,86,11.25,"11:15",11.25,"11:15",0,17,75,11.25,"11:15",10.25,"10:15",60,60," 0H 00M","0","1"
2026,"Weissert, Greg",,669711,"R","4-Seamer / Sinker","FF","4-Seamer","SI","Sinker",130,57,76,1.5,"1:30",1.25,"1:15",15,73,79,1.75,"1:45",2.75,"2:45",-60,-75,"-0H 15M","-0.25","-1.5"
2026,"Kirby, George",,669923,"R","4-Seamer / Sinker","FF","4-Seamer","SI","Sinker",339,221,91,1.25,"1:15",1.25,"1:15",0,118,87,1.25,"1:15",2.25,"2:15",-60,-60," 0H 00M","0","-1"
2026,"Scholtens, Jesse",,669947,"R","4-Seamer / Sinker","FF","4-Seamer","SI","Sinker",143,69,93,12.75,"12:45",12.5,"12:30",15,74,85,12.75,"12:45",1.75,"1:45",-60,-75," 0H 00M","0","-1.25"
2026,"Festa, Matt",,670036,"R","4-Seamer / Sinker","FF","4-Seamer","SI","Sinker",93,80,60,12.5,"12:30",11.75,"11:45",45,13,66,12.5,"12:30",1.5,"1:30",-60,-105," 0H 00M","0","-1.75"
2026,"Schreiber, John",,670167,"R","4-Seamer / Sinker","FF","4-Seamer","SI","Sinker",94,50,72,2,"2:00",1.75,"1:45",15,44,71,2.25,"2:15",3.5,"3:30",-75,-90,"-0H 15M","-0.25","-1.75"
2026,"Watson, Ryan",,670245,"R","4-Seamer / Sinker","FF","4-Seamer","SI","Sinker",124,62,89,1.25,"1:15",1,"1:00",15,62,86,1.25,"1:15",2.25,"2:15",-60,-75," 0H 00M","0","-1.25"
2026,"Oviedo, Johan",,670912,"R","4-Seamer / Sinker","FF","4-Seamer","SI","Sinker",38,25,67,1,"1:00",12.5,"12:30",30,13,61,1,"1:00",1.75,"1:45",-45,-75," 0H 00M","0","-1.25"
2026,"Morejon, Adrian",,670970,"L","4-Seamer / Sinker","FF","4-Seamer","SI","Sinker",140,26,84,11,"11:00",11.5,"11:30",-30,114,80,11,"11:00",10,"10:00",60,90," 0H 00M","0","1.5"
2026,"Ramírez, Yohan",,670990,"R","4-Seamer / Sinker","FF","4-Seamer","SI","Sinker",145,85,84,1.75,"1:45",1.5,"1:30",15,60,84,1.75,"1:45",2.75,"2:45",-60,-75," 0H 00M","0","-1.25"
2026,"Boyle, Joe",,671212,"R","4-Seamer / Sinker","FF","4-Seamer","SI","Sinker",106,55,67,1.25,"1:15",1,"1:00",15,51,69,1.25,"1:15",2.5,"2:30",-75,-90," 0H 00M","0","-1.5"
2026,"Detmers, Reid",,672282,"L","4-Seamer / Sinker","FF","4-Seamer","SI","Sinker",260,243,98,11,"11:00",11,"11:00",0,17,97,11,"11:00",10.25,"10:15",45,45," 0H 00M","0","0.75"
2026,"Pérez, Cionel",,672335,"L","4-Seamer / Sinker","FF","4-Seamer","SI","Sinker",118,59,83,10.75,"10:45",11.25,"11:15",-30,59,79,11,"11:00",9.75,"9:45",75,105,"-0H 15M","-0.25","1.5"
2026,"Montero, Keider",,672456,"R","4-Seamer / Sinker","FF","4-Seamer","SI","Sinker",219,136,87,1,"1:00",12.75,"12:45",15,83,85,1,"1:00",1.75,"1:45",-45,-60," 0H 00M","0","-1"
2026,"Zerpa, Angel",,672582,"L","4-Seamer / Sinker","FF","4-Seamer","SI","Sinker",153,11,91,10.5,"10:30",10.5,"10:30",0,142,87,10.25,"10:15",9.25,"9:15",60,60,"+0H 15M","0.25","1.25"
2026,"Gómez, Yoendrys",,672782,"R","4-Seamer / Sinker","FF","4-Seamer","SI","Sinker",161,98,88,1,"1:00",12.75,"12:45",15,63,87,1.25,"1:15",2,"2:00",-45,-60,"-0H 15M","-0.25","-1.25"
2026,"Senga, Kodai",,673540,"R","4-Seamer / Sinker","FF","4-Seamer","SI","Sinker",154,138,86,1,"1:00",12.75,"12:45",15,16,79,1.25,"1:15",2.5,"2:30",-75,-90,"-0H 15M","-0.25","-1.75"
2026,"Leasure, Jordan",,673929,"R","4-Seamer / Sinker","FF","4-Seamer","SI","Sinker",126,116,96,12.5,"12:30",12.25,"12:15",15,10,94,12.5,"12:30",1,"1:00",-30,-45," 0H 00M","0","-0.75"
2026,"Bido, Osvaldo",,674370,"R","4-Seamer / Sinker","FF","4-Seamer","SI","Sinker",137,84,86,1.5,"1:30",1,"1:00",30,53,82,1.25,"1:15",2.25,"2:15",-60,-90,"+0H 15M","0.25","-1.25"
2026,"Drohan, Shane",,675660,"L","4-Seamer / Sinker","FF","4-Seamer","SI","Sinker",85,66,93,10.5,"10:30",10.75,"10:45",-15,19,92,10.25,"10:15",9.75,"9:45",30,45,"+0H 15M","0.25","1"
2026,"Mejia, Juan",,675848,"R","4-Seamer / Sinker","FF","4-Seamer","SI","Sinker",154,136,77,1,"1:00",12.75,"12:45",15,18,70,1,"1:00",2.25,"2:15",-75,-90," 0H 00M","0","-1.5"
2026,"Bolton, Cody",,675989,"R","4-Seamer / Sinker","FF","4-Seamer","SI","Sinker",76,45,82,1,"1:00",12.5,"12:30",30,31,81,1.25,"1:15",2.25,"2:15",-60,-90,"-0H 15M","-0.25","-1.75"
2026,"Junk, Janson",,676083,"R","4-Seamer / Sinker","FF","4-Seamer","SI","Sinker",159,148,91,12.75,"12:45",12.5,"12:30",15,11,91,12.75,"12:45",1.5,"1:30",-45,-60," 0H 00M","0","-1"
2026,"Hancock, Emerson",,676106,"R","4-Seamer / Sinker","FF","4-Seamer","SI","Sinker",323,184,82,2,"2:00",1.75,"1:45",15,139,83,2.25,"2:15",3,"3:00",-45,-60,"-0H 15M","-0.25","-1.25"
2026,"Buttó, José",,676130,"R","4-Seamer / Sinker","FF","4-Seamer","SI","Sinker",41,16,76,12.75,"12:45",12.5,"12:30",15,25,80,1,"1:00",2,"2:00",-60,-75,"-0H 15M","-0.25","-1.5"
2026,"Bibee, Tanner",,676440,"R","4-Seamer / Sinker","FF","4-Seamer","SI","Sinker",238,159,91,12.5,"12:30",12.75,"12:45",-15,79,91,1,"1:00",1.75,"1:45",-45,-30,"-0H 30M","-0.5","-1"
2026,"Gordon, Colton",,676467,"L","4-Seamer / Sinker","FF","4-Seamer","SI","Sinker",100,73,99,10.5,"10:30",10.75,"10:45",-15,27,98,10.5,"10:30",10.25,"10:15",15,30," 0H 00M","0","0.5"
2026,"Faucher, Calvin",,676534,"R","4-Seamer / Sinker","FF","4-Seamer","SI","Sinker",40,18,78,1.5,"1:30",1.25,"1:15",15,22,78,1.5,"1:30",2.5,"2:30",-60,-75," 0H 00M","0","-1.25"
2026,"Poulin, PJ",,676571,"L","4-Seamer / Sinker","FF","4-Seamer","SI","Sinker",127,79,97,9.75,"9:45",10,"10:00",-15,48,95,9.5,"9:30",9,"9:00",30,45,"+0H 15M","0.25","1"
2026,"Vest, Will",,676684,"R","4-Seamer / Sinker","FF","4-Seamer","SI","Sinker",135,104,88,1,"1:00",12.75,"12:45",15,31,86,1,"1:00",1.75,"1:45",-45,-60," 0H 00M","0","-1"
2026,"Winn, Keaton",,676775,"R","4-Seamer / Sinker","FF","4-Seamer","SI","Sinker",72,46,91,1.5,"1:30",1.25,"1:15",15,26,85,1.5,"1:30",2.25,"2:15",-45,-60," 0H 00M","0","-1"
2026,"Ashby, Aaron",,676879,"L","4-Seamer / Sinker","FF","4-Seamer","SI","Sinker",171,11,83,11,"11:00",11.25,"11:15",-15,160,81,11,"11:00",9.75,"9:45",75,90," 0H 00M","0","1.5"
2026,"Cavalli, Cade",,676917,"R","4-Seamer / Sinker","FF","4-Seamer","SI","Sinker",307,201,78,1,"1:00",12.5,"12:30",30,106,80,1,"1:00",2.25,"2:15",-75,-105," 0H 00M","0","-1.75"
2026,"Brown, Ben",,676962,"R","4-Seamer / Sinker","FF","4-Seamer","SI","Sinker",207,123,95,1,"1:00",12.75,"12:45",15,84,94,1,"1:00",1.75,"1:45",-45,-60," 0H 00M","0","-1"
2026,"Meyer, Max",,676974,"R","4-Seamer / Sinker","FF","4-Seamer","SI","Sinker",173,106,88,1.25,"1:15",1,"1:00",15,67,92,1.5,"1:30",2.25,"2:15",-45,-60,"-0H 15M","-0.25","-1.25"
2026,"Crochet, Garrett",,676979,"L","4-Seamer / Sinker","FF","4-Seamer","SI","Sinker",290,174,87,10.75,"10:45",11,"11:00",-15,116,87,10.5,"10:30",9.75,"9:45",45,60,"+0H 15M","0.25","1.25"
2026,"Kelly, Zack",,677161,"R","4-Seamer / Sinker","FF","4-Seamer","SI","Sinker",50,18,88,1,"1:00",12.75,"12:45",15,32,88,1.25,"1:15",2,"2:00",-45,-60,"-0H 15M","-0.25","-1.25"
2026,"Bruihl, Justin",,677865,"L","4-Seamer / Sinker","FF","4-Seamer","SI","Sinker",151,30,76,10.25,"10:15",11,"11:00",-45,121,74,10,"10:00",9,"9:00",60,105,"+0H 15M","0.25","2"
2026,"Cecconi, Slade",,677944,"R","4-Seamer / Sinker","FF","4-Seamer","SI","Sinker",247,195,96,1.25,"1:15",1.25,"1:15",0,52,97,1.75,"1:45",2,"2:00",-15,-15,"-0H 30M","-0.5","-0.75"
2026,"Ashcraft, Braxton",,677952,"R","4-Seamer / Sinker","FF","4-Seamer","SI","Sinker",259,165,91,1.5,"1:30",1,"1:00",30,94,87,1.5,"1:30",2.25,"2:15",-45,-75," 0H 00M","0","-1.25"
2026,"Hill, Jaden",,677955,"R","4-Seamer / Sinker","FF","4-Seamer","SI","Sinker",99,46,90,1.5,"1:30",1.25,"1:15",15,53,93,1.5,"1:30",2.25,"2:15",-45,-60," 0H 00M","0","-1"
2026,"Rocker, Kumar",,677958,"R","4-Seamer / Sinker","FF","4-Seamer","SI","Sinker",209,39,88,1.5,"1:30",1.5,"1:30",0,170,89,1.25,"1:15",2.25,"2:15",-60,-60,"+0H 15M","0.25","-0.75"
2026,"Weathers, Ryan",,677960,"L","4-Seamer / Sinker","FF","4-Seamer","SI","Sinker",264,177,93,10.5,"10:30",10.75,"10:45",-15,87,95,10.25,"10:15",9.75,"9:45",30,45,"+0H 15M","0.25","1"
2026,"Wilcox, Cole",,677961,"R","4-Seamer / Sinker","FF","4-Seamer","SI","Sinker",105,55,96,1.75,"1:45",1.75,"1:45",0,50,96,2,"2:00",2.25,"2:15",-15,-15,"-0H 15M","-0.25","-0.5"
2026,"Bellozo, Valente",,678368,"R","4-Seamer / Sinker","FF","4-Seamer","SI","Sinker",54,36,87,1,"1:00",12.75,"12:45",15,18,79,1,"1:00",2.25,"2:15",-75,-90," 0H 00M","0","-1.5"
2026,"Bello, Brayan",,678394,"R","4-Seamer / Sinker","FF","4-Seamer","SI","Sinker",238,17,78,1.25,"1:15",12.75,"12:45",30,221,85,1.5,"1:30",2.5,"2:30",-60,-90,"-0H 15M","-0.25","-1.75"
2026,"Teng, Kai-Wei",,678906,"R","4-Seamer / Sinker","FF","4-Seamer","SI","Sinker",136,79,83,1.75,"1:45",1.5,"1:30",15,57,80,1.75,"1:45",2.5,"2:30",-45,-60," 0H 00M","0","-1"
2026,"Avila, Luinder",,679883,"R","4-Seamer / Sinker","FF","4-Seamer","SI","Sinker",88,50,74,12.5,"12:30",12.25,"12:15",15,38,71,12.75,"12:45",1.75,"1:45",-60,-75,"-0H 15M","-0.25","-1.5"
2026,"Bradish, Kyle",,680694,"R","4-Seamer / Sinker","FF","4-Seamer","SI","Sinker",222,81,71,12,"12:00",11.5,"11:30",30,141,72,12.5,"12:30",1.25,"1:15",-45,-75,"-0H 30M","-0.5","-1.75"
2026,"Burke, Sean",,680732,"R","4-Seamer / Sinker","FF","4-Seamer","SI","Sinker",286,200,87,12.75,"12:45",12.5,"12:30",15,86,93,12.75,"12:45",1.5,"1:30",-45,-60," 0H 00M","0","-1"
2026,"Wrobleski, Justin",,680736,"L","4-Seamer / Sinker","FF","4-Seamer","SI","Sinker",243,226,83,10.75,"10:45",11.25,"11:15",-30,17,84,11,"11:00",10,"10:00",60,90,"-0H 15M","-0.25","1.25"
2026,"Bowlan, Jonathan",,680742,"R","4-Seamer / Sinker","FF","4-Seamer","SI","Sinker",80,57,94,1,"1:00",1,"1:00",0,23,91,1,"1:00",1.75,"1:45",-45,-45," 0H 00M","0","-0.75"
2026,"Vodnik, Victor",,680767,"R","4-Seamer / Sinker","FF","4-Seamer","SI","Sinker",129,112,87,1,"1:00",12.75,"12:45",15,17,92,1,"1:00",2,"2:00",-60,-75," 0H 00M","0","-1.25"
2026,"Weiss, Ryan",,680802,"R","4-Seamer / Sinker","FF","4-Seamer","SI","Sinker",210,167,88,1,"1:00",12.75,"12:45",15,43,83,12.75,"12:45",1.75,"1:45",-60,-75,"+0H 15M","0.25","-1"
2026,"Murray, Jayden",,681151,"R","4-Seamer / Sinker","FF","4-Seamer","SI","Sinker",71,51,80,1.25,"1:15",1,"1:00",15,20,78,1.25,"1:15",2.25,"2:15",-60,-75," 0H 00M","0","-1.25"
2026,"Vásquez, Randy",,681190,"R","4-Seamer / Sinker","FF","4-Seamer","SI","Sinker",231,169,91,1.25,"1:15",1,"1:00",15,62,88,1.25,"1:15",2,"2:00",-45,-60," 0H 00M","0","-1"
2026,"Silseth, Chase",,681217,"R","4-Seamer / Sinker","FF","4-Seamer","SI","Sinker",94,74,85,1,"1:00",1,"1:00",0,20,86,1.25,"1:15",2,"2:00",-45,-45,"-0H 15M","-0.25","-1"
2026,"Arrighetti, Spencer",,681293,"R","4-Seamer / Sinker","FF","4-Seamer","SI","Sinker",93,70,92,1.5,"1:30",1.5,"1:30",0,23,94,1.5,"1:30",2.25,"2:15",-45,-45," 0H 00M","0","-0.75"
2026,"Smith, Shane",,681343,"R","4-Seamer / Sinker","FF","4-Seamer","SI","Sinker",104,74,80,1,"1:00",1,"1:00",0,30,85,1,"1:00",2,"2:00",-60,-60," 0H 00M","0","-1"
2026,"Burrows, Mike",,681347,"R","4-Seamer / Sinker","FF","4-Seamer","SI","Sinker",229,141,93,1.25,"1:15",1,"1:00",15,88,94,1.25,"1:15",1.75,"1:45",-30,-45," 0H 00M","0","-0.75"
2026,"Leahy, Kyle",,681517,"R","4-Seamer / Sinker","FF","4-Seamer","SI","Sinker",236,152,88,12.75,"12:45",12.5,"12:30",15,84,83,1,"1:00",1.75,"1:45",-45,-60,"-0H 15M","-0.25","-1.25"
2026,"Criswell, Cooper",,681867,"R","4-Seamer / Sinker","FF","4-Seamer","SI","Sinker",58,11,75,2.25,"2:15",1.75,"1:45",30,47,81,2.5,"2:30",3.5,"3:30",-60,-90,"-0H 15M","-0.25","-1.75"
2026,"Sisk, Evan",,681895,"L","4-Seamer / Sinker","FF","4-Seamer","SI","Sinker",76,19,82,10.5,"10:30",11,"11:00",-30,57,80,10.5,"10:30",9.5,"9:30",60,90," 0H 00M","0","1.5"
2026,"Anderson, Grant",,681982,"R","4-Seamer / Sinker","FF","4-Seamer","SI","Sinker",135,83,80,1.75,"1:45",1.5,"1:30",15,52,80,2,"2:00",3,"3:00",-60,-75,"-0H 15M","-0.25","-1.5"
2026,"Lopez, Jacob",,682052,"L","4-Seamer / Sinker","FF","4-Seamer","SI","Sinker",201,156,94,10.25,"10:15",10.25,"10:15",0,45,94,10.25,"10:15",9.5,"9:30",45,45," 0H 00M","0","0.75"
2026,"Herrin, Tim",,682120,"L","4-Seamer / Sinker","FF","4-Seamer","SI","Sinker",59,30,63,10.5,"10:30",11,"11:00",-30,29,68,10.5,"10:30",9.5,"9:30",60,90," 0H 00M","0","1.5"
2026,"Williamson, Brandon",,682227,"L","4-Seamer / Sinker","FF","4-Seamer","SI","Sinker",161,106,99,10.75,"10:45",11,"11:00",-15,55,99,10.75,"10:45",10.5,"10:30",15,30," 0H 00M","0","0.5"
2026,"Muñoz, Roddery",,682610,"R","4-Seamer / Sinker","FF","4-Seamer","SI","Sinker",42,29,78,1.5,"1:30",1.25,"1:15",15,13,78,1.25,"1:15",2.5,"2:30",-75,-90,"+0H 15M","0.25","-1.25"
2026,"Barco, Hunter",,682995,"L","4-Seamer / Sinker","FF","4-Seamer","SI","Sinker",138,81,98,10,"10:00",10.25,"10:15",-15,57,98,10,"10:00",9.75,"9:45",15,30," 0H 00M","0","0.5"
2026,"Leiter, Jack",,683004,"R","4-Seamer / Sinker","FF","4-Seamer","SI","Sinker",248,221,94,1,"1:00",12.75,"12:45",15,27,93,1,"1:00",1.5,"1:30",-30,-45," 0H 00M","0","-0.75"
2026,"Mears, Nick",,683232,"R","4-Seamer / Sinker","FF","4-Seamer","SI","Sinker",87,73,99,12.75,"12:45",12.75,"12:45",0,14,94,1,"1:00",1.5,"1:30",-30,-30,"-0H 15M","-0.25","-0.75"
2026,"Henriquez, Edgardo",,683618,"R","4-Seamer / Sinker","FF","4-Seamer","SI","Sinker",93,55,96,1,"1:00",1.25,"1:15",-15,38,98,1.5,"1:30",2,"2:00",-30,-15,"-0H 30M","-0.5","-0.75"
2026,"Imanaga, Shota",,684007,"L","4-Seamer / Sinker","FF","4-Seamer","SI","Sinker",261,231,98,11,"11:00",11,"11:00",0,30,86,10.75,"10:45",9.75,"9:45",60,60,"+0H 15M","0.25","1.25"
2026,"Roa, Christian",,685005,"R","4-Seamer / Sinker","FF","4-Seamer","SI","Sinker",102,45,96,1.25,"1:15",1.25,"1:15",0,57,92,1.25,"1:15",2,"2:00",-45,-45," 0H 00M","0","-0.75"
2026,"Gordon, Tanner",,685299,"R","4-Seamer / Sinker","FF","4-Seamer","SI","Sinker",91,68,98,1.25,"1:15",1,"1:00",15,23,100,1.25,"1:15",1.25,"1:15",0,-15," 0H 00M","0","-0.25"
2026,"Collyer, Gavin",,686560,"R","4-Seamer / Sinker","FF","4-Seamer","SI","Sinker",43,20,83,2,"2:00",1.5,"1:30",30,23,77,2,"2:00",3,"3:00",-60,-90," 0H 00M","0","-1.5"
2026,"Brown, Hunter",,686613,"R","4-Seamer / Sinker","FF","4-Seamer","SI","Sinker",113,59,93,1,"1:00",12.75,"12:45",15,54,86,1,"1:00",1.75,"1:45",-45,-60," 0H 00M","0","-1"
2026,"Kochanowicz, Jack",,686799,"R","4-Seamer / Sinker","FF","4-Seamer","SI","Sinker",307,110,82,1.25,"1:15",1,"1:00",15,197,78,1.25,"1:15",2.5,"2:30",-75,-90," 0H 00M","0","-1.5"
2026,"Varland, Louis",,686973,"R","4-Seamer / Sinker","FF","4-Seamer","SI","Sinker",128,116,92,1,"1:00",1,"1:00",0,12,89,1.25,"1:15",2,"2:00",-45,-45,"-0H 15M","-0.25","-1"
2026,"Young, Brandon",,687064,"R","4-Seamer / Sinker","FF","4-Seamer","SI","Sinker",120,82,95,12.75,"12:45",12.5,"12:30",15,38,94,1,"1:00",1.75,"1:45",-45,-60,"-0H 15M","-0.25","-1.25"
2026,"Sproat, Brandon",,687075,"R","4-Seamer / Sinker","FF","4-Seamer","SI","Sinker",172,53,90,1.25,"1:15",1.25,"1:15",0,119,82,1.5,"1:30",2.5,"2:30",-60,-60,"-0H 15M","-0.25","-1.25"
2026,"Kelly, Kevin",,687330,"R","4-Seamer / Sinker","FF","4-Seamer","SI","Sinker",102,12,81,2.25,"2:15",1.75,"1:45",30,90,82,2.5,"2:30",3.5,"3:30",-60,-90,"-0H 15M","-0.25","-1.75"
2026,"Headrick, Brent",,687396,"L","4-Seamer / Sinker","FF","4-Seamer","SI","Sinker",159,118,95,11,"11:00",11.25,"11:15",-15,41,90,11,"11:00",10.25,"10:15",45,60," 0H 00M","0","1"
2026,"King, Bryan",,687911,"L","4-Seamer / Sinker","FF","4-Seamer","SI","Sinker",139,118,76,11,"11:00",11.5,"11:30",-30,21,77,11,"11:00",9.75,"9:45",75,105," 0H 00M","0","1.75"
2026,"Morgan, David",,688158,"R","4-Seamer / Sinker","FF","4-Seamer","SI","Sinker",143,64,80,1,"1:00",12.75,"12:45",15,79,87,1.5,"1:30",2.5,"2:30",-60,-75,"-0H 30M","-0.5","-1.75"
2026,"Roycroft, Chris",,688297,"R","4-Seamer / Sinker","FF","4-Seamer","SI","Sinker",67,31,58,1.5,"1:30",1,"1:00",30,36,91,2.25,"2:15",3,"3:00",-45,-75,"-0H 45M","-0.75","-2"
2026,"Agnos, Zach",,688642,"R","4-Seamer / Sinker","FF","4-Seamer","SI","Sinker",113,80,95,1.25,"1:15",1,"1:00",15,33,89,1.25,"1:15",2,"2:00",-45,-60," 0H 00M","0","-1"
2026,"Kerkering, Orion",,689147,"R","4-Seamer / Sinker","FF","4-Seamer","SI","Sinker",106,65,99,1.5,"1:30",1.25,"1:15",15,41,96,1.5,"1:30",2,"2:00",-30,-45," 0H 00M","0","-0.75"
2026,"Nunez, Anthony",,689296,"R","4-Seamer / Sinker","FF","4-Seamer","SI","Sinker",92,50,80,12.75,"12:45",12.5,"12:30",15,42,85,1.25,"1:15",2,"2:00",-45,-60,"-0H 30M","-0.5","-1.5"
2026,"Abel, Mick",,690953,"R","4-Seamer / Sinker","FF","4-Seamer","SI","Sinker",165,153,82,1,"1:00",12.75,"12:45",15,12,76,1,"1:00",2,"2:00",-60,-75," 0H 00M","0","-1.25"
2026,"McLean, Nolan",,690997,"R","4-Seamer / Sinker","FF","4-Seamer","SI","Sinker",284,100,89,1.5,"1:30",1.25,"1:15",15,184,85,1.75,"1:45",2.5,"2:30",-45,-60,"-0H 15M","-0.25","-1.25"
2026,"Painter, Andrew",,691725,"R","4-Seamer / Sinker","FF","4-Seamer","SI","Sinker",223,166,91,12.5,"12:30",12.5,"12:30",0,57,88,12.5,"12:30",1.5,"1:30",-60,-60," 0H 00M","0","-1"
2026,"Taylor, Grant",,691799,"R","4-Seamer / Sinker","FF","4-Seamer","SI","Sinker",166,153,87,12.5,"12:30",12.25,"12:15",15,13,90,12.75,"12:45",1.5,"1:30",-45,-60,"-0H 15M","-0.25","-1.25"
2026,"Klassen, George",,691946,"R","4-Seamer / Sinker","FF","4-Seamer","SI","Sinker",72,56,99,1.5,"1:30",1.5,"1:30",0,16,100,1.75,"1:45",1.5,"1:30",15,15,"-0H 15M","-0.25","0"
2026,"Woo, Bryan",,693433,"R","4-Seamer / Sinker","FF","4-Seamer","SI","Sinker",351,243,90,1.5,"1:30",1.25,"1:15",15,108,84,1.5,"1:30",2.5,"2:30",-60,-75," 0H 00M","0","-1.25"
2026,"Schlittler, Cam",,693645,"R","4-Seamer / Sinker","FF","4-Seamer","SI","Sinker",381,259,88,12.75,"12:45",12.5,"12:30",15,122,81,12.75,"12:45",1.75,"1:45",-60,-75," 0H 00M","0","-1.25"
2026,"Miles, Spencer",,693686,"R","4-Seamer / Sinker","FF","4-Seamer","SI","Sinker",137,59,86,1.5,"1:30",1,"1:00",30,78,83,1.5,"1:30",2.25,"2:15",-45,-75," 0H 00M","0","-1.25"
2026,"Elder, Bryce",,693821,"R","4-Seamer / Sinker","FF","4-Seamer","SI","Sinker",275,144,81,12.75,"12:45",12.5,"12:30",15,131,74,1,"1:00",2.25,"2:15",-75,-90,"-0H 15M","-0.25","-1.75"
2026,"Seymour, Ian",,693855,"L","4-Seamer / Sinker","FF","4-Seamer","SI","Sinker",90,45,91,11,"11:00",11.25,"11:15",-15,45,82,11,"11:00",10,"10:00",60,75," 0H 00M","0","1.25"
2026,"Pfaadt, Brandon",,694297,"R","4-Seamer / Sinker","FF","4-Seamer","SI","Sinker",137,47,75,1.25,"1:15",1,"1:00",15,90,83,1.5,"1:30",2.25,"2:15",-45,-60,"-0H 15M","-0.25","-1.25"
2026,"Patrick, Chad",,694477,"R","4-Seamer / Sinker","FF","4-Seamer","SI","Sinker",208,117,94,1.25,"1:15",1,"1:00",15,91,89,1.25,"1:15",2,"2:00",-45,-60," 0H 00M","0","-1"
2026,"Roupp, Landen",,694738,"R","4-Seamer / Sinker","FF","4-Seamer","SI","Sinker",228,11,88,1.75,"1:45",1.75,"1:45",0,217,89,2,"2:00",2.75,"2:45",-45,-45,"-0H 15M","-0.25","-1"
2026,"Tidwell, Blade",,694918,"R","4-Seamer / Sinker","FF","4-Seamer","SI","Sinker",90,76,95,1,"1:00",12.75,"12:45",15,14,93,1,"1:00",1.75,"1:45",-45,-60," 0H 00M","0","-1"
2026,"Skenes, Paul",,694973,"R","4-Seamer / Sinker","FF","4-Seamer","SI","Sinker",278,192,96,1.75,"1:45",1.5,"1:30",15,86,95,1.75,"1:45",2.5,"2:30",-45,-60," 0H 00M","0","-1"
2026,"Lowder, Rhett",,695076,"R","4-Seamer / Sinker","FF","4-Seamer","SI","Sinker",296,130,91,1.5,"1:30",1.25,"1:15",15,166,93,1.75,"1:45",2.5,"2:30",-45,-60,"-0H 15M","-0.25","-1.25"
2026,"Lord, Brad",,695418,"R","4-Seamer / Sinker","FF","4-Seamer","SI","Sinker",210,129,97,2.25,"2:15",2,"2:00",15,81,98,2.25,"2:15",2.75,"2:45",-30,-45," 0H 00M","0","-0.75"
2026,"Rodríguez, Elmer",,695684,"R","4-Seamer / Sinker","FF","4-Seamer","SI","Sinker",50,23,94,1.75,"1:45",1.5,"1:30",15,27,95,1.75,"1:45",2.5,"2:30",-45,-60," 0H 00M","0","-1"
2026,"Black, Mason",,696131,"R","4-Seamer / Sinker","FF","4-Seamer","SI","Sinker",39,11,99,1.5,"1:30",1.25,"1:15",15,28,97,1.75,"1:45",2.25,"2:15",-30,-45,"-0H 15M","-0.25","-1"
2026,"Rodriguez, Bradgley",,699134,"R","4-Seamer / Sinker","FF","4-Seamer","SI","Sinker",93,39,86,1,"1:00",12.75,"12:45",15,54,85,12.75,"12:45",1.75,"1:45",-60,-75,"+0H 15M","0.25","-1"
2026,"McGreevy, Michael",,700241,"R","4-Seamer / Sinker","FF","4-Seamer","SI","Sinker",215,137,79,1.25,"1:15",1,"1:00",15,78,66,1.25,"1:15",2.25,"2:15",-60,-75," 0H 00M","0","-1.25"
2026,"Povich, Cade",,700249,"L","4-Seamer / Sinker","FF","4-Seamer","SI","Sinker",85,74,88,11.25,"11:15",11.25,"11:15",0,11,89,11,"11:00",10.25,"10:15",45,45,"+0H 15M","0.25","1"
2026,"Graceffo, Gordon",,700669,"R","4-Seamer / Sinker","FF","4-Seamer","SI","Sinker",111,97,91,1,"1:00",12.75,"12:45",15,14,90,1,"1:00",1.75,"1:45",-45,-60," 0H 00M","0","-1"
2026,"Urena, Walbert",,700712,"R","4-Seamer / Sinker","FF","4-Seamer","SI","Sinker",124,66,88,1.5,"1:30",1.25,"1:15",15,58,88,1.5,"1:30",2.5,"2:30",-60,-75," 0H 00M","0","-1.25"
2026,"Warren, Will",,701542,"R","4-Seamer / Sinker","FF","4-Seamer","SI","Sinker",352,221,75,1.25,"1:15",1,"1:00",15,131,74,1.5,"1:30",2.5,"2:30",-60,-75,"-0H 15M","-0.25","-1.5"
2026,"Granillo, Andre",,701552,"R","4-Seamer / Sinker","FF","4-Seamer","SI","Sinker",47,31,92,12.5,"12:30",12.5,"12:30",0,16,87,12.75,"12:45",1.5,"1:30",-45,-45,"-0H 15M","-0.25","-1"
2026,"Samaniego, Tyler",,701719,"L","4-Seamer / Sinker","FF","4-Seamer","SI","Sinker",68,18,85,11,"11:00",11.5,"11:30",-30,50,79,10.75,"10:45",9.75,"9:45",60,90,"+0H 15M","0.25","1.75"
2026,"Morris, Andrew",,702193,"R","4-Seamer / Sinker","FF","4-Seamer","SI","Sinker",107,76,98,12.5,"12:30",12.5,"12:30",0,31,97,12.75,"12:45",1.25,"1:15",-30,-30,"-0H 15M","-0.25","-0.75"
2026,"Schultz, Noah",,702273,"L","4-Seamer / Sinker","FF","4-Seamer","SI","Sinker",130,80,88,10.5,"10:30",10.5,"10:30",0,50,91,10.25,"10:15",9.75,"9:45",30,30,"+0H 15M","0.25","0.75"
2026,"Ritchie, JR",,702275,"R","4-Seamer / Sinker","FF","4-Seamer","SI","Sinker",78,55,86,1.5,"1:30",1.25,"1:15",15,23,82,1.5,"1:30",2.5,"2:30",-60,-75," 0H 00M","0","-1.25"
2026,"Messick, Parker",,800048,"L","4-Seamer / Sinker","FF","4-Seamer","SI","Sinker",235,168,93,11,"11:00",11.5,"11:30",-30,67,91,10.75,"10:45",10.25,"10:15",30,60,"+0H 15M","0.25","1.25"
2026,"Tolle, Payton",,801139,"L","4-Seamer / Sinker","FF","4-Seamer","SI","Sinker",119,83,92,10.75,"10:45",11,"11:00",-15,36,91,10.5,"10:30",9.75,"9:45",45,60,"+0H 15M","0.25","1.25"
2026,"Dollander, Chase",,801403,"R","4-Seamer / Sinker","FF","4-Seamer","SI","Sinker",314,200,94,1.75,"1:45",1.5,"1:30",15,114,89,1.75,"1:45",2.5,"2:30",-45,-60," 0H 00M","0","-1"
2026,"Morales, Luis",,806960,"R","4-Seamer / Sinker","FF","4-Seamer","SI","Sinker",86,54,85,12.75,"12:45",1,"1:00",-15,32,83,1,"1:00",1.75,"1:45",-45,-30,"-0H 15M","-0.25","-0.75"
2026,"Yamamoto, Yoshinobu",,808967,"R","4-Seamer / Sinker","FF","4-Seamer","SI","Sinker",190,143,93,1.25,"1:15",1,"1:00",15,47,87,1,"1:00",1.75,"1:45",-45,-60,"+0H 15M","0.25","-0.75"
2026,"Early, Connelly",,813349,"L","4-Seamer / Sinker","FF","4-Seamer","SI","Sinker",269,179,90,10.5,"10:30",10.75,"10:45",-15,90,91,10.25,"10:15",9.75,"9:45",30,45,"+0H 15M","0.25","1"