"last_name, first_name","player_id","team_id","team","position","age","competitive_runs","bolts","hp_to_1b","sprint_speed"
"White, Eli",642201,144,"ATL","CF",32,"19","11","4.15","30.5"
"Witt Jr., Bobby",677951,118,"KC","SS",26,"44","26","4.16","30.3"
"Turner, Trea",607208,143,"PHI","SS",33,"40","19","4.29","30.0"
"Crawford, Justin",702222,143,"PHI","CF",22,"44","18","4.12","29.8"
"Griffin, Konnor",804606,134,"PIT","SS",20,"36","16","4.28","29.8"
"Nuñez, Nasim",683083,120,"WSH","2B",25,"43","17","4.13","29.7"
"Simpson, Chandler",802415,139,"TB","LF",25,"68","28","3.98","29.6"
"Scott II, Victor",687363,138,"STL","CF",25,"33","12","4.16","29.6"
"Mitchell, Garrett",669003,158,"MIL","CF",27,"33","8","4.10","29.6"
"McCarthy, Jake",664983,115,"COL","LF",28,"36","11","4.18","29.6"
"Carroll, Corbin",682998,109,"AZ","RF",25,"42","7","4.13","29.5"
"Fernandez, Jose",699912,109,"AZ","DH",22,"27","1","4.35","29.4"
"Mateo, Jorge",622761,144,"ATL","SS",31,"12","4",,"29.4"
"Smith, Cam",701358,117,"HOU","RF",23,"41","10","4.42","29.4"
"Teodosio, Bryce",669326,108,"LAA","LF",27,"12","3",,"29.3"
"Lile, Daylen",695734,120,"WSH","LF",23,"46","7","4.22","29.3"
"Acuña, Luisangel",682668,145,"CWS","CF",24,"39","13","4.25","29.3"
"Buxton, Byron",621439,142,"MIN","CF",32,"32","9","4.16","29.3"
"Duran, Jarren",680776,111,"BOS","LF",29,"35","4","4.18","29.3"
"Lockridge, Brandon",663604,158,"MIL","LF",29,"37","6","4.30","29.3"
"Straw, Myles",664702,141,"TOR","RF",31,"26","7",,"29.3"
"Young, Jacob",696285,120,"WSH","CF",26,"46","4","4.31","29.2"
"Beavers, Dylan",687637,110,"BAL","RF",24,"32",,"4.22","29.1"
"Hill, Derek",656537,145,"CWS","RF",30,"15","2",,"29.1"
"Hamilton, David",666152,158,"MIL","3B",28,"31","18","3.97","29.0"
"Robert Jr., Luis",673357,121,"NYM","CF",28,"38","4","4.33","29.0"
"Mangum, Jake",663968,134,"PIT","LF",30,"41","2","4.14","29.0"
"Marte, Noelvi",682622,113,"CIN","RF",24,"15","1","4.40","28.9"
"Shaw, Matt",807713,112,"CHC","RF",24,"30","2","4.34","28.9"
"Crow-Armstrong, Pete",691718,112,"CHC","CF",24,"36","7","4.30","28.9"
"DeLuca, Jonny",676356,139,"TB","RF",27,"28","8","4.33","28.8"
"Wiemer, Joey",686894,120,"WSH","RF",27,"23",,"4.29","28.7"
"Duran, Ezequiel",677649,140,"TEX","2B",27,"31","2","4.28","28.7"
"Cronenworth, Jake",630105,135,"SD","2B",32,"34","1","4.28","28.7"
"Walker, Jordan",691023,138,"STL","RF",24,"39","1","4.38","28.7"
"Taylor, Tyrone",621438,121,"NYM","RF",32,"16",,,"28.7"
"Rafaela, Ceddanne",678882,111,"BOS","CF",25,"42","1","4.19","28.6"
"Trout, Mike",545361,108,"LAA","CF",34,"31","2","4.40","28.6"
"Keaschall, Luke",807712,142,"MIN","2B",23,"51",,"4.26","28.6"
"McLain, Matt",680574,113,"CIN","2B",26,"30",,"4.33","28.6"
"Frelick, Sal",686217,158,"MIL","RF",26,"43","2","4.28","28.6"
"Loperfido, Joey",694388,117,"HOU","LF",27,"24","1","4.26","28.6"
"Taveras, Leody",665750,110,"BAL","CF",27,"24","1",,"28.6"
"Peters, Tristan",671976,145,"CWS","CF",26,"20","1",,"28.6"
"Benge, Carson",701807,121,"NYM","RF",23,"34",,"4.26","28.6"
"Gelof, Zack",680869,133,"ATH","CF",26,"13","2",,"28.6"
"Hernández, Heriberto",681715,146,"MIA","LF",26,"29",,"4.38","28.6"
"Church, Nathan",701675,138,"STL","LF",25,"34",,"4.26","28.5"
"Harris, Dustin",687957,117,"HOU","LF",26,"20",,,"28.5"
"Merrill, Jackson",701538,135,"SD","CF",23,"45","1","4.26","28.5"
"Langeliers, Shea",669127,133,"ATH","C",28,"42",,"4.51","28.5"
"Thomas, Lane",657041,118,"KC","CF",30,"19",,,"28.5"
"Turang, Brice",668930,158,"MIL","2B",26,"53",,"4.33","28.5"
"Stott, Bryson",681082,143,"PHI","2B",28,"33","1","4.32","28.5"
"Clarke, Denzel",672016,133,"ATH","CF",26,"21","4","4.31","28.5"
"Nimmo, Brandon",607043,140,"TEX","RF",33,"49","1","4.22","28.4"
"Caissie, Owen",683357,146,"MIA","RF",23,"28",,,"28.4"
"Perkins, Blake",663368,158,"MIL","LF",29,"16",,,"28.4"
"Vierling, Matt",663837,116,"DET","CF",29,"26","1","4.45","28.5"
"Peña, Jeremy",665161,117,"HOU","SS",28,"18",,,"28.4"
"Rodríguez, Julio",677594,136,"SEA","CF",25,"55","5","4.36","28.4"
"Rosario, Amed",642708,147,"NYY","3B",30,"20","1","4.46","28.4"
"Ortiz, Joey",687401,158,"MIL","SS",27,"25",,"4.37","28.4"
"Tatis Jr., Fernando",665487,135,"SD","RF",27,"39","1","4.40","28.4"
"Williamson, Ben",810938,139,"TB","2B",25,"38",,"4.47","28.4"
"Gonzales, Nick",693304,134,"PIT","3B",27,"51",,"4.39","28.4"
"Barrosa, Jorge",678489,109,"AZ","RF",25,"23",,,"28.4"
"Abrams, CJ",682928,120,"WSH","SS",25,"37","2","4.28","28.3"
"Kim, Hyeseong",808975,119,"LAD","SS",27,"22",,,"28.3"
"Meadows, Parker",678009,116,"DET","CF",26,"16",,,"28.3"
"Doyle, Brenton",686668,115,"COL","CF",28,"27","3","4.39","28.3"
"Hoerner, Nico",663538,112,"CHC","2B",29,"60",,"4.33","28.2"
"Caballero, José",676609,147,"NYY","SS",29,"46",,"4.29","28.2"
"Steer, Spencer",668715,113,"CIN","LF",28,"32",,"4.42","28.2"
"Hernández, Teoscar",606192,119,"LAD","LF",33,"38",,"4.41","28.2"
"Vargas, Miguel",678246,145,"CWS","3B",26,"39",,"4.37","28.2"
"Lopez, Otto",672640,146,"MIA","SS",27,"59",,"4.26","28.2"
"Keith, Colt",690993,116,"DET","3B",24,"42","1","4.31","28.2"
"Sanoja, Javier",691594,146,"MIA","3B",23,"32","2","4.27","28.2"
"Semien, Marcus",543760,121,"NYM","2B",35,"35",,"4.41","28.2"
"Chapman, Matt",656305,137,"SF","3B",33,"62",,"4.42","28.2"
"Laureano, Ramón",657656,135,"SD","LF",31,"37",,"4.29","28.1"
"Cruz, Oneil",665833,134,"PIT","CF",27,"47","4","4.39","28.1"
"Antonacci, Sam",803011,145,"CWS","LF",23,"20",,"4.33","28.1"
"Durbin, Caleb",702332,111,"BOS","3B",26,"59",,"4.46","28.1"
"Marsh, Brandon",669016,143,"PHI","LF",28,"40",,"4.38","28.1"
"McGonigle, Kevin",805808,116,"DET","SS",21,"51","1","4.35","28.1"
"Beck, Jordan",687597,115,"COL","LF",25,"21",,"4.45","28.1"
"Fraley, Jake",641584,139,"TB","RF",31,"20","1",,"28.1"
"Pages, Andy",681624,119,"LAD","CF",25,"34",,"4.38","28.1"
"Abreu, Wilyer",677800,111,"BOS","RF",27,"43",,"4.29","28.1"
"Norby, Connor",681393,146,"MIA","1B",26,"34",,"4.47","28.1"
"Realmuto, J.T.",592663,143,"PHI","C",35,"23",,"4.40","28.0"
"House, Brady",691781,120,"WSH","3B",23,"48",,"4.43","28.0"
"Matthews, Brice",694728,117,"HOU","LF",24,"19",,,"28.0"
"Langford, Wyatt",694671,140,"TEX","LF",24,"30","1","4.36","28.0"
"Cowser, Colton",681297,110,"BAL","RF",26,"25",,"4.21","28.0"
"Castro, Willi",650489,115,"COL","2B",29,"26",,,"28.0"
"Moniak, Mickey",666160,115,"COL","LF",28,"26",,,"28.0"
"Winn, Masyn",691026,138,"STL","SS",24,"33",,"4.35","28.0"
"Hernaiz, Darell",687231,133,"ATH","3B",24,"13",,,"28.0"
"Adell, Jo",666176,108,"LAA","RF",27,"40",,"4.54","27.9"
"Chisholm Jr., Jazz",665862,147,"NYY","2B",28,"31","1","4.28","27.9"
"Raley, Luke",670042,136,"SEA","RF",31,"22",,,"27.9"
"Peraza, Oswald",672724,108,"LAA","2B",26,"25",,"4.48","27.9"
"Schmitt, Casey",669477,137,"SF","DH",27,"34",,,"27.9"
"Alexander, Blaze",677942,110,"BAL","3B",27,"25",,,"27.9"
"Henderson, Gunnar",683002,110,"BAL","SS",25,"47",,"4.34","27.9"
"Muncy, Max",691777,133,"ATH","3B",23,"34",,"4.46","27.9"
"Loftin, Nick",679845,118,"KC","3B",27,"25",,"4.48","27.9"
"Edwards, Xavier",669364,146,"MIA","2B",26,"57",,"4.22","27.9"
"Collins, Isaac",686555,118,"KC","LF",28,"25",,,"27.9"
"Story, Trevor",596115,111,"BOS","SS",33,"48",,"4.40","27.9"
"Pérez, Wenceel",672761,116,"DET","RF",26,"21",,"4.39","27.9"
"Jones, Jahmai",663330,116,"DET","",28,"11",,,"27.9"
"Call, Alex",669743,119,"LAD","LF",31,"16",,,"27.9"
"Sosa, Edmundo",624641,143,"PHI","2B",30,"23","3",,"27.9"
"Carter, Evan",694497,140,"TEX","CF",23,"27","4",,"27.8"
"Benson, Will",666181,113,"CIN","RF",28,"10","3",,"27.8"
"Reynolds, Bryan",668804,134,"PIT","LF",31,"45",,"4.42","27.8"
"Mayo, Coby",691723,110,"BAL","3B",24,"19",,"4.51","27.8"
"Meyers, Jake",676694,117,"HOU","CF",30,"16",,,"27.8"
"Swanson, Dansby",621020,112,"CHC","SS",32,"49",,"4.43","27.8"
"Altuve, Jose",514888,117,"HOU","2B",36,"56","3","4.32","27.7"
"De La Cruz, Elly",682829,113,"CIN","SS",24,"45",,"4.48","27.7"
"Walls, Taylor",670764,139,"TB","SS",29,"24",,,"27.7"
"India, Jonathan",663697,118,"KC","2B",29,"14",,,"27.7"
"Vilade, Ryan",668723,139,"TB","RF",27,"13",,,"27.7"
"Tovar, Ezequiel",678662,115,"COL","SS",24,"42",,"4.45","27.7"
"Martínez, Angel",682657,114,"CLE","LF",24,"36",,"4.37","27.7"
"Davis, Henry",680779,134,"PIT","C",26,"31",,"4.54","27.7"
"Riley, Austin",663586,144,"ATL","3B",29,"49",,"4.58","27.7"
"Happ, Ian",664023,112,"CHC","LF",31,"43",,"4.41","27.7"
"Sullivan, Brett",664954,115,"COL","C",32,"20",,,"27.7"
"Tawa, Tim",694374,109,"AZ","LF",27,"18",,"4.46","27.7"
"Young, Cole",702284,136,"SEA","2B",22,"42",,"4.35","27.6"
"Marsee, Jakob",805300,146,"MIA","CF",25,"36",,"4.35","27.6"
"Rushing, Dalton",687221,119,"LAD","C",25,"13",,,"27.6"
"Yorke, Nick",694377,134,"PIT","3B",24,"32",,"4.53","27.6"
"Dingler, Dillon",693307,116,"DET","C",27,"46",,"4.51","27.6"
"Bader, Harrison",664056,137,"SF","CF",32,"22",,"4.40","27.6"
"Giménez, Andrés",665926,141,"TOR","SS",27,"41",,"4.37","27.6"
"Outman, James",681546,142,"MIN","CF",29,"12",,,"27.6"
"Martin, Austin",668885,142,"MIN","LF",27,"33",,"4.52","27.6"
"Garcia, Maikel",672580,118,"KC","3B",26,"44",,"4.51","27.6"
"Mayer, Marcelo",691785,111,"BOS","2B",23,"37",,"4.42","27.6"
"McCutchen, Andrew",457705,140,"TEX","",39,"12",,,"27.5"
"Mullins, Cedric",656775,139,"TB","CF",31,"20",,,"27.5"
"Wong, Connor",657136,111,"BOS","C",30,"21",,"4.53","27.5"
"Thomas, Alek",677950,109,"AZ","CF",26,"33",,"4.29","27.5"
"Wetherholt, JJ",802139,138,"STL","2B",23,"44",,"4.28","27.5"
"Clemens, Kody",665019,142,"MIN","1B",30,"19","1",,"27.5"
"Schneemann, Daniel",682177,114,"CLE","CF",29,"25",,,"27.4"
"Anthony, Roman",701350,111,"BOS","LF",22,"40",,"4.42","27.4"
"Wood, James",695578,120,"WSH","RF",23,"37","1",,"27.4"
"Pereira, Everson",677592,145,"CWS","RF",25,"23",,"4.44","27.4"
"Naylor, Bo",666310,114,"CLE","C",26,"19",,,"27.4"
"Ramírez, Agustín",682663,146,"MIA","C",24,"45",,"4.66","27.4"
"Conine, Griffin",665052,146,"MIA","LF",28,"11",,,"27.4"
"Harris II, Michael",671739,144,"ATL","CF",25,"45",,"4.30","27.4"
"Bellinger, Cody",641355,147,"NYY","LF",30,"38",,"4.31","27.4"
"Rengifo, Luis",650859,158,"MIL","3B",29,"47",,"4.29","27.4"
"Rivas, Leo",660844,136,"SEA","3B",28,"26",,,"27.3"
"Saggese, Thomas",695336,138,"STL","LF",24,"18",,"4.33","27.3"
"Millas, Drew",686452,120,"WSH","C",28,"23",,"4.47","27.3"
"Rocchio, Brayan",677587,114,"CLE","SS",25,"48",,"4.41","27.3"
"Smith, Josh",669701,140,"TEX","2B",28,"30",,"4.38","27.3"
"Muncy, Max",571970,119,"LAD","3B",35,"31",,"4.41","27.3"
"Adames, Willy",642715,137,"SF","SS",30,"38",,"4.48","27.3"
"Young, Jared",676724,121,"NYM","1B",30,"13",,,"27.3"
"Feduccia, Hunter",676439,139,"TB","C",29,"12",,,"27.3"
"Lowe, Brandon",664040,134,"PIT","2B",31,"35",,"4.25","27.3"
"Ramírez, José",608070,114,"CLE","3B",33,"41",,,"27.3"
"Neto, Zach",687263,108,"LAA","SS",25,"36",,"4.42","27.2"
"Allen, Nick",669397,117,"HOU","SS",27,"11",,,"27.2"
"Jensen, Carter",695600,118,"KC","C",22,"28",,"4.45","27.2"
"Goodman, Hunter",696100,115,"COL","C",26,"21",,,"27.2"
"O'Hoppe, Logan",681351,108,"LAA","C",26,"25",,"4.54","27.2"
"Lee, Hao-Yu ",701678,116,"DET","3B",23,"10",,,"27.2"
"Báez, Javier",595879,116,"DET","SS",33,"36",,"4.48","27.2"
"Smith, Will",669257,119,"LAD","C",31,"26",,"4.59","27.2"
"Hays, Austin",669720,145,"CWS","LF",30,"18",,"4.50","27.2"
"Kiner-Falefa, Isiah",643396,111,"BOS","2B",31,"10",,,"27.2"
"Correa, Carlos",621043,117,"HOU","SS",31,"52",,"4.62","27.2"
"Albies, Ozzie",645277,144,"ATL","2B",29,"57",,"4.26","27.2"
"Karros, Kyle",691720,115,"COL","3B",23,"32",,"4.55","27.2"
"Lee, Jung Hoo",808982,137,"SF","RF",27,"59",,"4.33","27.2"
"Castellanos, Nick",592206,135,"SD","DH",34,"14",,,"27.1"
"Lukes, Nathan",664770,141,"TOR","RF",31,"27",,"4.38","27.1"
"Suzuki, Seiya",673548,112,"CHC","RF",31,"15",,,"27.1"
"Ramos, Heliot",671218,137,"SF","LF",26,"39",,,"27.1"
"Yelich, Christian",592885,158,"MIL","DH",34,"27",,"4.46","27.1"
"Monasterio, Andruw",655316,111,"BOS","DH",29,"16",,,"27.1"
"Murakami, Munetaka",808959,145,"CWS","1B",26,"24",,"4.42","27.1"
"Clement, Ernie",676391,141,"TOR","2B",30,"56",,"4.42","27.1"
"Freeman, Tyler",671289,115,"COL","RF",27,"24",,"4.56","27.1"
"Bogaerts, Xander",593428,135,"SD","SS",33,"45",,"4.51","27.1"
"Ward, Taylor",621493,110,"BAL","LF",32,"50",,"4.43","27.1"
"Tena, José",677588,120,"WSH","DH",25,"19",,,"27.1"
"Arozarena, Randy",668227,136,"SEA","LF",31,"50",,"4.45","27.0"
"Rice, Ben",700250,147,"NYY","1B",27,"45",,"4.60","27.0"
"Greene, Riley",682985,116,"DET","LF",25,"36",,"4.61","27.0"
"Myers, Dane",667472,113,"CIN","CF",30,"15",,,"27.0"
"Wilson, Jacob",805779,133,"ATH","SS",24,"61","1","4.52","27.0"
"Rooker, Brent",667670,133,"ATH","DH",31,"16",,"4.66","27.0"
"Yastrzemski, Mike",573262,144,"ATL","LF",35,"38",,"4.42","27.0"
"Vargas, Ildemaro",545121,109,"AZ","1B",34,"33",,"4.31","27.0"
"Trammell, Taylor",666211,117,"HOU","CF",28,"10",,,"27.0"
"Freeland, Alex",690976,119,"LAD","2B",24,"29",,"4.49","27.0"
"Bauers, Jake",641343,158,"MIL","1B",30,"47",,"4.50","26.9"
"Murray, Tanner",695020,145,"CWS","LF",26,"11",,,"26.9"
"Mead, Curtis",678554,120,"WSH","1B",25,"29",,"4.63","26.9"
"Harper, Bryce",547180,143,"PHI","1B",33,"50",,"4.48","26.9"
"Lewis, Royce",668904,142,"MIN","3B",27,"20",,"4.40","26.9"
"Hayes, Ke'Bryan",663647,113,"CIN","3B",29,"18",,"4.57","26.9"
"Burger, Jake",669394,140,"TEX","1B",30,"43",,"4.52","26.9"
"DeLauter, Chase",800050,114,"CLE","RF",24,"38","1","4.44","26.9"
"Meidroth, Chase",805367,145,"CWS","2B",24,"51",,"4.51","26.9"
"Caglianone, Jac",695506,118,"KC","RF",23,"36",,"4.42","26.9"
"Judge, Aaron",592450,147,"NYY","RF",34,"38",,"4.85","26.9"
"Acuña Jr., Ronald",660670,144,"ATL","RF",28,"41",,"4.45","26.9"
"Lindor, Francisco",596019,121,"NYM","SS",32,"38",,,"26.9"
"McKinstry, Zach",656716,116,"DET","2B",31,"18",,,"26.9"
"Schneider, Davis",676914,141,"TOR","LF",27,"18",,,"26.8"
"Lowe, Josh",666139,108,"LAA","LF",28,"16","1","4.34","26.8"
"O'Neill, Tyler",641933,110,"BAL","RF",31,"13",,,"26.8"
"Andujar, Miguel",609280,135,"SD","DH",31,"37",,"4.48","26.8"
"Perdomo, Geraldo",672695,109,"AZ","SS",26,"48",,"4.59","26.8"
"Palacios, Richie",680700,139,"TB","2B",29,"21",,"4.37","26.8"
"Vivas, Jorbit",678391,120,"WSH","3B",25,"38",,"4.51","26.8"
"Sosa, Lenyn",672820,141,"TOR","DH",26,"17",,,"26.8"
"Friedl, TJ",670770,113,"CIN","CF",30,"33",,"4.45","26.8"
"Varsho, Daulton",662139,141,"TOR","CF",29,"39",,"4.43","26.8"
"Massey, Michael",686681,118,"KC","2B",28,"22",,,"26.8"
"Grisham, Trent",663757,147,"NYY","CF",29,"33",,"4.49","26.7"
"García Jr., Luis",671277,120,"WSH","1B",26,"44",,"4.29","26.7"
"Jansen, Danny",643376,140,"TEX","C",31,"19",,"4.62","26.8"
"Carpenter, Kerry",681481,116,"DET","RF",28,"17",,,"26.7"
"Urías, Ramón",602104,138,"STL","3B",32,"22",,"4.66","26.7"
"Larnach, Trevor",663616,142,"MIN","LF",29,"34",,"4.61","26.7"
"Ohtani, Shohei",660271,119,"LAD","DH",31,"38",,"4.30","26.7"
"Baty, Brett",683146,121,"NYM","RF",26,"42",,"4.40","26.7"
"Grichuk, Randal",545341,147,"NYY","LF",34,"12",,,"26.7"
"Soderstrom, Tyler",691016,133,"ATH","LF",24,"48",,"4.52","26.6"
"Sheets, Gavin",657757,135,"SD","1B",30,"37",,"4.50","26.6"
"Kurtz, Nick",701762,133,"ATH","1B",23,"29",,,"26.6"
"O'Hearn, Ryan",656811,134,"PIT","RF",32,"44",,"4.57","26.6"
"Fermin, Freddy",666023,135,"SD","C",31,"20",,,"26.6"
"Bohm, Alec",664761,143,"PHI","3B",29,"50",,"4.68","26.6"
"Kwan, Steven",680757,114,"CLE","CF",28,"53",,"4.36","26.6"
"Baldwin, Drake",686948,144,"ATL","C",25,"52",,"4.36","26.6"
"Isbel, Kyle",664728,118,"KC","CF",29,"29",,"4.52","26.5"
"Arraez, Luis",650333,137,"SF","2B",29,"58",,"4.60","26.5"
"Bart, Joey",663698,134,"PIT","C",29,"14",,,"26.6"
"García, Adolis",666969,143,"PHI","RF",33,"41",,"4.56","26.5"
"Brito, Juan",682877,114,"CLE","2B",24,"24",,,"26.5"
"Arias, Gabriel",672356,114,"CLE","SS",26,"11",,,"26.5"
"Grissom, Vaughn",687093,108,"LAA","2B",25,"23",,"4.60","26.5"
"Stewart, Sal",701398,113,"CIN","1B",22,"35",,"4.71","26.4"
"Benintendi, Andrew",643217,145,"CWS","DH",31,"24",,,"26.4"
"Rutschman, Adley",668939,110,"BAL","C",28,"22",,,"26.4"
"Espinal, Santiago",669289,119,"LAD","3B",31,"13",,,"26.4"
"Julien, Edouard",666397,115,"COL","2B",27,"38",,"4.52","26.4"
"Dubón, Mauricio",643289,144,"ATL","SS",31,"45",,"4.51","26.4"
"Springer, George",543807,141,"TOR","DH",36,"21",,,"26.3"
"Moreno, Gabriel",672515,109,"AZ","C",26,"15",,,"26.3"
"Frazier, Adam",624428,108,"LAA","2B",34,"23",,,"26.3"
"Encarnacion, Jerar",666464,137,"SF","RF",28,"12",,,"26.3"
"Pauley, Graham",688363,146,"MIA","3B",25,"30",,"4.63","26.2"
"Contreras, Willson",575929,111,"BOS","1B",34,"34",,"4.61","26.3"
"Gray, Tristan",656484,142,"MIN","3B",30,"17",,,"26.2"
"Jackson, Jeremiah",669236,110,"BAL","2B",26,"35",,"4.81","26.2"
"Del Castillo, Adrian",680728,109,"AZ","C",26,"18",,,"26.2"
"Guerrero Jr., Vladimir",665489,141,"TOR","1B",27,"54",,"4.53","26.2"
"Moncada, Yoán",660162,108,"LAA","3B",31,"22",,,"26.2"
"Torkelson, Spencer",679529,116,"DET","1B",26,"28",,,"26.2"
"Johnston, Troy",687859,115,"COL","RF",29,"41",,"4.47","26.2"
"Butler, Lawrence",671732,133,"ATH","RF",25,"32",,"4.45","26.1"
"Lee, Brooks",686797,142,"MIN","SS",25,"37",,"4.40","26.1"
"Montgomery, Colson",695657,145,"CWS","SS",24,"28",,"4.70","26.1"
"Fortes, Nick",663743,139,"TB","C",29,"34",,"4.64","26.1"
"Marte, Ketel",606466,109,"AZ","2B",32,"39",,"4.75","26.1"
"Stephenson, Tyler",663886,113,"CIN","C",29,"11",,,"26.1"
"Soler, Jorge",624585,108,"LAA","DH",34,"25",,"4.82","26.1"
"Yoshida, Masataka",807799,111,"BOS","DH",32,"29",,"4.35","26.1"
"Walker, Christian",572233,117,"HOU","1B",35,"60",,"4.73","26.1"
"Pederson, Joc",592626,140,"TEX","DH",34,"21",,,"26.1"
"Canzone, Dominic",686527,136,"SEA","DH",28,"17",,,"26.0"
"Jeffers, Ryan",680777,142,"MIN","C",29,"26",,,"26.0"
"Jung, Josh",673962,140,"TEX","3B",28,"49",,"4.72","26.0"
"Schanuel, Nolan",694384,108,"LAA","1B",24,"57",,"4.58","26.0"
"Jiménez, Eloy",650391,141,"TOR","DH",29,"12",,,"26.0"
"Okamoto, Kazuma",672960,141,"TOR","3B",30,"37",,"4.55","26.0"
"Torrens, Luis",620443,121,"NYM","C",30,"14",,,"25.9"
"McNeil, Jeff",643446,133,"ATH","2B",34,"41",,"4.38","25.9"
"Campusano, Luis",669134,135,"SD","C",27,"14",,,"25.9"
"Escarra, J.C.",641555,147,"NYY","C",31,"16",,,"25.9"
"Rojas, Miguel",500743,119,"LAD","SS",37,"22",,,"25.9"
"Conforto, Michael",624424,112,"CHC","RF",33,"12",,,"25.9"
"Tucker, Kyle",663656,119,"LAD","RF",29,"37",,"4.64","25.8"
"Wallner, Matt",670242,142,"MIN","RF",28,"30",,"4.47","25.8"
"Gilbert, Drew",687551,137,"SF","CF",25,"18",,,"25.8"
"Suárez, Eugenio",553993,113,"CIN","DH",34,"23",,,"25.8"
"Busch, Michael",683737,112,"CHC","1B",28,"47",,"4.67","25.8"
"Díaz, Yandy",650490,139,"TB","DH",34,"56",,"4.62","25.8"
"Schwarber, Kyle",656941,143,"PHI","DH",33,"30",,"4.61","25.7"
"Alvarez, Francisco",682626,121,"NYM","C",24,"38",,"4.68","25.7"
"Cortes, Carlos",666126,133,"ATH","DH",29,"35",,"4.60","25.7"
"Hicks, Liam",689414,146,"MIA","C",27,"42",,"4.61","25.7"
"Sánchez, Jesús",660821,141,"TOR","LF",28,"29",,"4.70","25.7"
"Raleigh, Cal",663728,136,"SEA","C",29,"30",,,"25.7"
"Soto, Juan",665742,121,"NYM","DH",27,"22",,,"25.7"
"Pagés, Pedro",686780,138,"STL","C",27,"23",,"4.79","25.6"
"Bichette, Bo",666182,121,"NYM","3B",28,"48",,"4.74","25.6"
"Devers, Rafael",646240,137,"SF","1B",29,"39",,"4.51","25.6"
"Crawford, J.P.",641487,136,"SEA","SS",31,"28",,"4.78","25.6"
"Kelly, Carson",608348,112,"CHC","C",31,"28",,"4.80","25.6"
"Smith, Dominic",642086,144,"ATL","DH",31,"18",,"4.58","25.6"
"Vientos, Mark",668901,121,"NYM","1B",26,"30",,"4.82","25.6"
"Stowers, Kyle",669065,146,"MIA","LF",28,"18",,,"25.5"
"Ozuna, Marcell",542303,134,"PIT","DH",35,"23",,"4.92","25.5"
"Valera, George",671655,114,"CLE","LF",25,"16",,,"25.5"
"Burleson, Alec",676475,138,"STL","1B",27,"58",,"4.54","25.5"
"Lowe, Nathaniel",663993,113,"CIN","DH",30,"22",,,"25.5"
"Diaz, Yainer",673237,117,"HOU","C",27,"48",,"4.47","25.5"
"Caminero, Junior",691406,139,"TB","3B",22,"40",,"4.76","25.4"
"Marchán, Rafael",665561,143,"PHI","C",27,"11",,,"25.4"
"Bregman, Alex",608324,112,"CHC","3B",32,"48",,"4.78","25.4"
"Marte, Starling",516782,118,"KC","RF",37,"13",,,"25.4"
"Polanco, Jorge",593871,121,"NYM","DH",32,"20",,,"25.3"
"Aranda, Jonathan",666018,139,"TB","1B",28,"31",,"4.62","25.3"
"Olson, Matt",621566,144,"ATL","1B",32,"53",,"4.74","25.3"
"Fry, David",681807,114,"CLE","RF",30,"13",,,"25.3"
"Heineman, Tyler",623168,141,"TOR","C",35,"12",,,"25.3"
"Herrera, Iván",671056,138,"STL","DH",26,"51",,"4.71","25.3"
"McMahon, Ryan",641857,147,"NYY","3B",31,"17",,"4.65","25.3"
"Pasquantino, Vinnie",686469,118,"KC","1B",28,"36",,"4.77","25.2"
"Contreras, William",661388,158,"MIL","C",28,"45",,"4.70","25.2"
"Manzardo, Kyle",700932,114,"CLE","1B",25,"23",,"4.63","25.1"
"Machado, Manny",592518,135,"SD","3B",33,"29",,,"25.2"
"Gorman, Nolan",669357,138,"STL","3B",26,"32",,"4.59","25.1"
"Donovan, Brendan",680977,136,"SEA","3B",29,"29",,"4.58","25.1"
"Arenado, Nolan",571448,109,"AZ","3B",35,"31",,"4.89","25.0"
"Bell, Josh",605137,142,"MIN","DH",33,"37",,,"25.0"
"Torres, Gleyber",650402,116,"DET","2B",29,"52",,"4.81","25.0"
"Paredes, Isaac",670623,117,"HOU","3B",27,"25",,,"25.0"
"Rumfield, TJ",681198,115,"COL","1B",26,"46",,"4.72","25.0"
"Ruiz, Keibert",660688,120,"WSH","C",27,"24",,,"25.0"
"Heim, Jonah",641680,144,"ATL","C",31,"16",,,"25.0"
"Basallo, Samuel",694212,110,"BAL","C",21,"23",,"4.86","25.0"
"Amaya, Miguel",665804,112,"CHC","C",27,"22",,"4.77","24.9"
"Alonso, Pete",624413,110,"BAL","1B",31,"40",,"4.93","24.9"
"McCann, James",543510,109,"AZ","C",36,"17",,,"24.9"
"Narváez, Carlos",665966,111,"BOS","C",27,"18",,"4.95","24.9"
"Garver, Mitch",641598,136,"SEA","C",35,"15",,,"24.9"
"Goldschmidt, Paul",502671,147,"NYY","1B",38,"15",,,"24.8"
"France, Ty",664034,135,"SD","1B",31,"18",,,"24.8"
"Alvarez, Yordan",670541,117,"HOU","DH",29,"33",,,"24.8"
"Seager, Corey",608369,140,"TEX","SS",32,"34",,"4.76","24.7"
"Hoskins, Rhys",656555,114,"CLE","1B",33,"24",,,"24.7"
"Freeman, Freddie",518692,119,"LAD","1B",36,"49",,"4.73","24.7"
"Ballesteros, Moisés",694208,112,"CHC","DH",22,"26",,"4.71","24.5"
"Wells, Austin",669224,147,"NYY","C",26,"23",,"4.72","24.5"
"Sánchez, Gary",596142,158,"MIL","DH",33,"18",,,"24.5"
"Wynns, Austin",642851,133,"ATH","C",35,"11",,,"24.4"
"Horwitz, Spencer",687462,134,"PIT","1B",28,"32",,"4.79","24.4"
"Hedges, Austin",595978,114,"CLE","C",33,"16",,,"24.3"
"Bailey, Patrick",672275,137,"SF","C",27,"26",,,"24.2"
"Valenzuela, Brandon",678218,141,"TOR","C",25,"12",,,"24.2"
"Perez, Salvador",521692,118,"KC","C",36,"40",,"4.89","24.1"
"Caratini, Victor",605170,142,"MIN","C",32,"32",,,"24.1"
"Quero, Edgar",700337,145,"CWS","C",23,"29",,"4.94","24.1"
"Naylor, Josh",647304,136,"SEA","1B",29,"36",,"4.83","23.8"
"Stanton, Giancarlo",519317,147,"NYY","DH",36,"25",,,"23.8"
"Vázquez, Christian",543877,117,"HOU","C",35,"22",,,"23.0"